"text","language","style"
"当天下午她们在这块场地上训练了一个小时，本来训练只对媒体开放１５分钟，但英足总工作人员发现前来采访的记者太少，干脆将中国队和随后英格兰队的训练全程开放。","ch","news"
"最后他说香港是多元种族社会，别担心，我们没有憎恨。 杜汶泽否认退出娱乐圈&nbsp;盘点惨遭封杀的明星/图 2001年底，赵薇为（时装）杂志拍摄的一张图片引起了巨大争议，一些人指责赵薇身着服装图案酷似日本军旗。","ch","news"
"在出席韩国某活动中，范冰冰身着粉色花朵X型短裙亮相，小v口的设计，让锁骨在薄纱间喘了口气，腰带是打造X型的法宝，虽然并不是特别典型的X型，但是修身与唯美的效果同时展现。","ch","news"
"巴西世界杯是现年３６岁的克洛泽参加的第四届世界杯。 克洛泽表示：“我的那个进球只是当时我的站位非常好。","ch","news"
"旅行最大挑战来袭，巴塞罗那那个谜一样的夜晚，究竟发生了哪些事情？ ”结果等网友看完节目才恍然大悟，这些戏码只出现在第五期预告片里，要看的话恐怕还有再等一周。","ch","news"
"在德国队的巴西世界杯小组赛首战中，托马斯·穆勒独中三元完成“帽子戏法”。 在18日接受采访时，德国足坛名宿、曾长期保持世界杯进球纪录的盖德·穆勒表示，他相信托马斯可以打破世界杯进球纪录。","ch","news"
"其中，辽宁济康医药有限公司虚开增值税专用发票，董事长王晶明等13人被判处有期徒刑12年至1年不等。","ch","news"
"也许就是这种亦阳亦阴的个性，表现了一个真正的钟越民！ 刘烨的特质很复杂，比较丰富。 只有这样的演员，才能演绎得出丰富的感觉，使得钟跃民这个可能被演绎成糙老爷们的角色有了多层次的感觉和吸引力。","ch","news"
"毛主席的第二个批示说的就是这样一个问题。 而上海是受到表扬的，他们提出要大演大写解放后的13年。","ch","news"
"因此，日本政府对日共采取全面镇压时，台湾共产党几乎瞬间瓦解。 日本投降后，由中共中央派遣回台的台湾籍干部长年在大陆参与革命工作，跟家乡已有隔阂，对于台湾在日本殖民近代化下的社会状况也需要时间学习。","ch","news"
"１９日的马球比赛是系列赛事中的重中之重。 ４支代表队共计３２人参加了比赛。 参赛者乘高头大马，手持球槌在旷野间激烈追逐。","ch","news"
"除工作外，苏方也经常为胡济邦组织马列主义的理论学习，介绍国内斗争情况、国际形势，苏联同志解释说：这就是“特殊的组织关系”。","ch","news"
"情报中心经过授权可以调阅全部上报信息线索，局领导可以对信息员及信息线索进行汇总分析。","ch","news"
"陆一帆说：“霍顿的成绩并不是今年才这么好，从巴塞罗那世锦赛时他就游得不错。 不过一次３分４２秒说明不了什么问题，他要想拿世界冠军一定要破３分４２秒，当然我希望他游得更好。","ch","news"
"我的户籍重庆石柱土家族自治县，本人属于少数民族； 老婆是四川广安武胜县万善镇的人，我们以前都是农村人，读书毕业后都变成了城镇户口。","ch","news"
"手臂过短的人平时要多活动双臂，还可以培养能使手臂灵活的绘画或陶艺等爱好。 身高影响寿命！","ch","news"
"芹菜去叶，切为小段； 小洋葱剥除老皮，切碎为丁，共入榨汁机榨汁饮服。 每日一次。 女性养生：13种便宜食物&nbsp;解决脸上瑕疵","ch","news"
"在剔除可售型保障性住房后，2013年中国35个大中城市房价收入比均值为10.2，其中北京、上海、深圳、福州4个城市遥遥领先，北京高达19.1位居榜首。","ch","news"
"记者：那在你看来，艾山·买合苏木跟本·拉登关系好到什么程度呢？ 木塔里甫·哈斯木：他对艾山·买合苏木的帮助来说，什么都可以舍去。","ch","news"
"第65分钟，阿根廷扩大比分。 梅西中前场带球突破，同伊瓜因踢墙配合后在禁区边缘左脚劲射，皮球打中左侧立柱内侧入网，2-0。","ch","news"
"该填埋场可满足该项目25年以上的填埋需求，不存在就近填埋的问题。 （七）关于对海洋城影响的问题。","ch","news"
"汪金亮作为犯罪嫌疑人，被控为黑恶势力老大，由当初的涉嫌开设赌场罪改为涉嫌组织、领导黑社会性质组织罪，故意伤害罪，敲诈勒索罪，开设赌场罪等11项罪名；","ch","news"
"这些人群可服用维生素D膳食补充剂，多吃低脂乳制品和三文鱼等。 身高影响寿命！ 揭秘人体十个短寿征兆 原标题：身高影响寿命！","ch","news"
"在姚明看来，申办冬奥会的一层重要意义在于，冬季奥运会中以雪上项目为代表的户外项目比例相较夏季奥运会要大，申办冬季奥运会、推广冬季体育项目实际上是给大家更多的机会走出“钢筋水泥森林”，与大自然亲密接触。","ch","news"
"她查找后发现，甘先生一直在北京市门头沟地区与吴女士以夫妻名义共同生活，并育有一六岁女儿，与汪女士以夫妻名义共同生活，并育有一三岁儿子。","ch","news"
"题：停止暴力，以世界杯的名义新华社记者公兵、王浩明、刘彤巴西的天空湛蓝，常常飘着几朵洁白的云，阳光普照着大地，给原本已经火热的世界杯又增添了温度。","ch","news"
"在德国，个人收入越高，需要纳税的比例也就越高。 反之，如果一个人没有其他任何收入，房屋出租收入也达不到纳税标准，那么租金不会被征税。","ch","news"
"在医药研究中，试验性药物一般要经过3期临床试验后，在数据支持的情况下，才能视为疗效得到确认。","ch","news"
"而克罗地亚的两场小组赛，至少让我们依稀触摸“前南”足球的残梦，以及那些尘封已久的底蕴与记忆。","ch","news"
"本场比赛，克洛泽替补登场，而仅在第一脚触球过后，他就取得了个人世界杯的第15粒进球：比赛第71分钟，赫韦德斯接到左侧角球传中头球一蹭，后点克洛泽近距离右脚垫射入网。","ch","news"
"家风，一个人精神成长的DNA。 先辈的荣光和业绩，往往会成为一个家族的荣誉和尊严而凝聚着家族的每一个成员，达成整个家族的精神认同而作为一种追求，作为一种文化基因而实现代际传承。","ch","news"
"该事件对赵薇造成了巨大的负面影响，虽然后来（时装）杂志编辑发表声明称该服装是他们安排的和赵薇无关，但该事件对赵薇造成了巨大的负面影响，在长沙演出时曾遭过激群众“泼粪”，一度令其演艺事业跌入低谷。","ch","news"
"朱党柱，男，汉族，1965年4月生，省委党校研究生学历，中共党员，1980年8月参加工作。 历任沾益县委常委、组织部部长、县政府常务副县长、县委副书记，曲靖市农业局局长、党组书记，陆良县委书记等职。","ch","news"
"在这种情况下，根据该原则应当采用非格式条款，这也是充分尊重双方当事人的意思，并且在一般情况下也更有利于保护广大消费者。","ch","news"
"能与学校作息时间分开吗？ 简直是盲人说笑话。 此处流动人员不下1800人，而且路面被车辆、人群、洋芋袋子占光，有时小学生从车辆底下爬过去上学非常危险，难道为了租费与安全于不顾？","ch","news"
"安迪的父母都是业余羽毛球爱好者。 在他们影响下，安迪从小喜欢上羽毛球，经常跟父母一起打球。","ch","news"
"记者：这都是手雷吗？ 车玉平（和田地区公安局局长）：全部都是手雷。 记者：一共有多少枚呢？ 车玉平：我们总共缴获的手雷是5000余枚，就1999年一年。","ch","news"
"虽然赛前评委们一致认为“姜还是老的辣”，但面对闭着眼都能答对题的男神绅哥，王老师不敢怠慢轻敌。","ch","news"
"八、《河南工人日报》记者魏豪违法违规案件查处情况。 经初步查明，2013年8月以来，《河南工人日报》记者魏豪帮助他人讨债，并担任某广告公司相关负责人。","ch","news"
"此次“剑网行动”把保护数字版权、规范网络转载作为重点任务，引发了传统媒体和网络媒体的广泛关注，广大权利人对此也高度关注。","ch","news"
"因此，在落实这项制度的过程中，把增强干部群众的议事能力作为重点，采取多种形式加大教育引导力度，努力提高他们建言献策水平，确保说出的话有分量、提出的建议有价值、作出的决策有依据。","ch","news"
"致力于更加尊重学生的个体差异，致力于更贴近实际、突出实践与动手能力，致力于引导学生更富人文关怀，日后成为一名合格的公民，高考所承载的使命，真的不只是让“千军万马过独木桥”那么单一。","ch","news"
"”目前永昌排名联赛倒数第二，急切需要胜利以便继续对保级分数线发起冲击。 恒大则以７分优势领跑积分榜。","ch","news"
"对这个结果我们并不失望，我们下一场与葡萄牙队的比赛还要努力争取胜利。 为了下一场的胜利，我们只有更努力地训练，我已经做好准备了。","ch","news"
"而在之后进行的接力项目决赛，叶诗文代表的浙江队以1秒优势力压北京队夺冠。 9日登场的另一位奥运冠军刘子歌由于没有决赛任务，在女子100米蝶泳的预赛和半决赛中表现平平，以第6名的成绩获得参加在10日进行的决赛资格。","ch","news"
"他说：“事实上，我为此考虑了很久……已经想了有几年了。 ”麦克罗伊选择爱尔兰的理由当然是，他还是一名业余球员时便代表爱尔兰出战。","ch","news"
"二是建立横向联动管理机制。 与人口计生办实行“一站式办公、一体化服务”，注重管理与服务相融合，方便了群众，提高了工作效率。","ch","news"
"【详细】【四川】四川省委书记省长会见王建平、李斌一行6月21日，武警部队卫生工作会议在成都召开，会议聚焦强军目标，提升服务保障能力，全面开创现代卫勤建设新局面。","ch","news"
"罢工行动已引发多起恐吓及暴力事件，并至少造成5名矿工死亡。 与此同时，罢工还造成多家铂矿企业至少198亿兰特（约合人民币118亿）损失。","ch","news"
"在杨扬看来，劳伦斯奖的到来，让世界的目光聚焦到中国。 “希望通过这种努力，为我们的申办（冬奥会）工作加分，”她说。","ch","news"
"郭庚茂同志简历&nbsp;给河南省委书记留言 郭庚茂同志简历给河南省委书记留言 谢伏瞻同志简历&nbsp;给河南省省长留言 谢伏瞻同志简历给河南省省长留言人民网北京5月27日电（吴昊）昨日，河南各地对网友给省委书记、省长的17条留言做出公开回复。","ch","news"
"章公圆寂后，被镀金塑成宝像。 ”两者的时间也是吻合的。 三、记者从采访中得到的信息是，这尊宝像最近一次易主发生于1996年，目前的所有者是荷兰一名私人收藏家，而阳春村说章公六全祖师宝像1995年被盗，两者的时间一前一后，没有丝毫的冲突。","ch","news"
"现在京津冀的发展到了要互相联动、自己的发展要顾及对方和包容环境的时候，发展能对协同方产生正效应而非负效应。","ch","news"
"在个人表现中，同样来自莫斯科1948中学的选手奥莉嘉·阿尔图尼娜获得个人比赛的第一名。 根据比赛规则，比赛团体前三名将赴中国参加2014年“汉语桥”世界中学生中文比赛。","ch","news"
"人民网“2014创新金融论坛”召开之际，中国建设银行电子银行部总经理黄浩接受了人民网记者专访，就互联网金融创新话题给出了答案。","ch","news"
"”获悉此消息后，某娱乐媒体以短信的形式第一时间联系李瑞英本人，而李瑞英在凌晨四时许也以短信的形式证实消息属实，将与张宏民退居幕后，一道告别《新闻联播》。","ch","news"
"’于是，他就亲笔写了一封很有份量的信，说我是他多年的同窗、同事、挚友，请李多加关照，并给予各种方便。","ch","news"
"”很多人认为联赛中取得好成绩与锻炼年轻队员间存在一定矛盾，但邓华德不同意这个观点。 他认为球队想要成为联赛劲旅，本土球员才是关键所在。","ch","news"
"不能无条件接收。 否则不符合协同发展要求。 ”杨开忠如是强调一体化的内涵与规则。 “一体化最主要的是推进统一市场，推进相互衔接一体式高效的交通建设，增强相互交流支撑能力。","ch","news"
"新华社上海３月２６日体育专电（记者刘阳李嘉）国际滑联主席钦宽塔２６日在上海花样滑冰世锦赛上表示，尽管他不便对２０２２年的两个申办城市北京和阿拉木图发表评论，但是单从上海世锦赛的组织情况来看，他丝毫不怀疑北京的办赛能力。","ch","news"
"尤其是越位的判断和点球的判罚，一时草率大胆，一时谨慎有余。 而对于犯规尺度的把握，也是尺度不一。","ch","news"
"”她的未婚夫佟健也透露：“爱情的主题是我们最擅长演绎的，我们在四大洲比赛后临时改换了伴奏歌曲，效果不错。","ch","news"
"当时他就表示：“希望一年后，不管中国队打什么比赛，大家都会说，这支球队就是这样打的。 ”一年来，无论是从心理还是实战上讲，布鲁诺的执教是成功的。","ch","news"
"面条含有丰富的碳水化合物，能提供足够的能量，而且在煮的过程中会吸收大量的水，100克面条煮熟后会变成400克左右，因此能产生较强的饱腹感。","ch","news"
"而这个学校的名字曾经出现在刘先生女儿的学生证上。 记者点击进入“南京电子信息技工学校”网站（www.njcei.cn），主页上显示“学校代码：4015/8015”，而在这个网站上，找不到任何有关这个学校的相关介绍。","ch","news"
"欢迎您继续关注濮阳市的工作，并及时提出宝贵意见和建议。 【网民留言】谢省长你好： 我是濮阳市台前县一名普通公民，2012年我在县新区买了一套住宅商品房，总价25万多。","ch","news"
"阅兵地点位于巴格达城东北部的什叶派贫民区就叫“萨德尔城”。 在“麦赫迪军”的游行队伍中，既包括一身黑衣的“人体炸弹”分队，也有上下素白的“敢死冲锋队”，更有众多车辆和火炮，场面非常壮观。","ch","news"
"首战踢德国，C罗拼尽全力但队友不给力，这一场比赛中C罗必须爆发背水一战了。 6月23日前瞻：美国&nbsp;VS&nbsp;葡萄牙(G组)","ch","news"
"“自己的腰伤、膝伤、脚伤一直有，幸亏客场就打了一场，因为我的腿也一直肿得很大，一直在坚持。 还是希望自己保持一个好的身体，为队伍多做贡献。","ch","news"
"@张翰 @鬼鬼吴映洁 @范世錡xxxF @易易紫Nikiii 等主演也都于这两天陆续飞往厦门！ 新的阵容，让我们再度邂逅一场久违的“流星雨”吧！","ch","news"
"”杨晓东说。 他表示，当前，我国已进入“七下八上”防汛最关键时期，抗灾救灾形势非常严峻、任务非常繁重。","ch","news"
"最终，于伟以３小时４６分５７秒的成绩第一个冲过终点。 来自解放军的张琳以及内蒙古的吴钱龙分列二、三位。","ch","news"
"而在发布会现场播放的片场花絮中，欧弟也极尽展现了他的喜剧才华，卖萌耍宝不断，引发现场的一阵阵爆笑。","ch","news"
"长春的夜，已近零摄氏度，举家居住在这座城市的邓华德向记者嘘寒问暖。 也许他和他的小伙子们将以吉林篮球６０周年的时空坐标为起点，让路越走越宽。","ch","news"
"令政策于2008年1月任山西省政协副主席职务，迄今已逾6年。 地市方面，上海市徐汇区委副书记鲍炳章任区政府代区长，原区长过剑飞已任上海市国税局局长、市地税局局长。","ch","news"
"2013年，温州侵财类案件发案总量得到明显控制，其中刑事盗窃案件同比下降18.6%，入户盗窃案件同比下降25.5%。","ch","news"
"这些东西不光是在高校，不是让学生只是局限于一张桌子，而是提供一个平台，提供让他们可以拓展自己创作可能性。","ch","news"
"双方同意继续开展每年向对方国家派遣100名青年访问交流项目，中方将继续邀请印尼优秀青年代表来华参加东盟青年干部培训班。","ch","news"
"在这个问题上，马克思、恩格斯为我们树立了光辉的榜样。 马克思、恩格斯在他们的一生中，虽然把主要的注意力和精力放在对社会科学特别是经济科学的研究上，但他们从来没有放松过对自然科学的重视。","ch","news"
"“既然双方在价格上没有谈妥，房子就不应该被拆”，汪冬根一家这样认为。 目前，周围的房子已被拆得差不多了，汪家的这栋房子成了仅剩的“钉子户”。","ch","news"
"这样一个交通不便、物价奇高、就业机会奇缺的热带雨林城市，生活无异于受苦。 即使巴西人天性乐观，在如此苦热之地也难免抱怨。","ch","news"
"记者：他有没有看到你？ 木塔里甫·哈斯木：他看到我了。 记者：你当时的印象呢？ 木塔里甫·哈斯木：他头上缠着布，胡须发白，人长得很帅，身着军服。","ch","news"
"这其中就包括冲锋枪两支，手枪15支，以及大量子弹、雷管、手雷和炸药。 五、武器从何而来？ 王明山（伊犁哈萨克自治州公安局副局长）：“四·六”偷运武器案，这是咱们建国以来从口岸最大批量的一次武器偷运案。","ch","news"
"” 局势危急，苏共中央和国防委员会决定将部分中央机关和外交使团紧急疏散到古比雪夫，莫斯科人心惶惶，有人开始烧毁党证，武官们纷纷作出判断，莫斯科守不住了，苏联完了。","ch","news"
"英特尔公司首席执行官科再奇曾在美国旧金山湾区举行的创客节上说：“他们都是未来的工程师、未来的科学家。","ch","news"
"（4）必须立足于经常性工作，常抓不懈，既要制定切实可行的常规计划，又要抓紧解决当前的突出问题。","ch","news"
"另外，战斗过程中加入了各种特效，完美升级了战斗的打击感，提供了更为畅快淋漓的战斗体验。 最后，游戏整体的炫酷华丽风格，Q版的人物造型，给紧张的战斗过程赋予了一种轻松而积极的氛围，淡化了战斗带来的压抑感。","ch","news"
"4.美国情报机构一直致力于或明或暗地寻找其国内法律漏洞，突破法律限制，谋求从源头和根本上控制网络信息。","ch","news"
"两人目前已经不在同一俱乐部。 6月16日，巴塞罗那俱乐部发布声明称拉基蒂奇正式加盟巴萨，将在下赛季与伊涅斯塔等人并肩作战。","ch","news"
"第26分钟，阿尔及利亚取得入球—梅雅尼中场突然大脚前传，苏莱曼尼在洪正好与金英权左右夹击下奋力前冲，面对门将冷静捅射破门，阿尔及利亚1-0领先。","ch","news"
"”共有35人参加女子单人滑短节目比赛，前24名获得自由滑资格。 中国选手李子君发挥一般，开场后的后内点冰和后外点冰三周连跳出现失误导致降组。","ch","news"
"”“一心想挣点钱”的郭、庄二人，仕途最终让金钱画上了句号。 等待他们的，将是公正的审判和漫长的悔恨。","ch","news"
"其教练查理·弗朗西斯后来在接受加拿大方面的调查时，承认给约翰逊和手下的另外10名运动员使用过兴奋剂。","ch","news"
"新华社沈阳10月24日体育专电（记者李铮）在寒冷的辽宁，CBA最被认可的外援哈德森开始了第三个冬天的生活。","ch","news"
"新华社成都４月２日体育专电（史春东、许瀚文）《中国足球改革发展总体方案》出台之后，成都体育学院日前召开足球工作会议。","ch","news"
"揭秘人体十个短寿征兆 6.胸部大。 《加拿大医学会杂志》刊登一项为期10年的研究称，在综合考虑饮食、身体肥胖、家族史和是否吸烟等因素后，发现胸部大的女性患糖尿病的几率会增加1.5倍。","ch","news"
"对尼日利亚而言，与伊朗战平带来的一分显然不够，第三场与阿根廷交手又前景不妙，这就意味着第二场与波黑的较量非赢不可。","ch","news"
"也许他的家人会说服他离开，但我们不会再找到这么好的教练了。 ”（完）2014/06/21 11:58此稿为新华社体育专线稿件，严禁转载。","ch","news"
"(十四)提高科研人员成果转化收益比例完善职务发明制度，推动修订专利法、公司法等相关内容，完善科技成果、知识产权归属和利益分享机制，提高骨干团队、主要发明人受益比例。","ch","news"
"[点击图片进入下一页]2014年5月24日，一则中山上演土豪婚礼的消息在微信朋友圈和微博上疯传。 消息称，23日晚上，中山一场婚礼上，新娘全身穿戴了重达几十斤重的黄金配饰，新娘被一些网友戏称为“中山黄金新娘子”。","ch","news"
"中共中央政策研究室原副主任、中国国际经济交流中心常务副理事长郑新立先生在会上表示，如何降低中国资金的价格，是当前金融体制改革面临的第一位的任务。","ch","news"
"比赛中，这样的场景更是常见，当有球员即将完成一次达阵时，球迷欢呼声会跟随球员奔跑的脚步愈发震耳欲聋，直到球员完成达阵、将球放到地上，这种欢呼声达到顶峰。","ch","news"
"进球的瞬间十分美妙，因为那是比赛的最后几分钟，全场观众都在欢呼。 ”阿根廷队的曼城后卫萨巴莱塔表示，因为有梅西，比赛结果总能让人满意。","ch","news"
"” 医院院内“人满为患”，石凳石桌上坐满了疲惫的患者和家属 大厅内挤满等待做CT的患者和家属人民网南昌5月26日电（周素雅）近日，记者走进江西省某三甲医院体验城市大医院的“看病难、看病贵”。","ch","news"
"庭审结束，按照事先律师设计的无罪辩护庭后认罪的计划，齐全军向在场的家属道歉，承认自己的责任，并承诺哪怕卖房也要赔偿他们。","ch","news"
"这是一种特殊的力量。 那些80多岁甚至90多岁的人，他们谈起西藏时，都有一种无怨无悔的感情。 我们作为年轻一代的人，感到我们做的远远不够。","ch","news"
"高随祥表示，实行综合评价的四个省是在提前批次来报考和录取。 在其他六个省是在本科一批次录取。","ch","news"
"群众：是这里的人。 记者：跟他们家关系处理得咋样？ 群众：关系处得好，他从小在这里长大记者：那发生这样的事情之后，你们害不害怕？","ch","news"
"快捷畅通的信息网络为实施“千双眼”“百户网”工程，特别是为开发管理系统奠定了坚实基础。 该县把信息化建设成果运用到人防上，实现二者有机结合，让人防工程插上了信息化翅膀。","ch","news"
"不过，机密文件表明，美国国家安全局正直接向华为的网络植入自己的“后门”。 《纽约时报》报道指出，美国国家安全局对中国的情报活动并不仅仅局限于华为。","ch","news"
"出发前，丁统领为了鼓励俺这些人，给左一官兵各发了三十两银子，俺这七个自报奋勇来的各发了六十两银子。","ch","news"
"之前，约在1935年底，胡济邦也将自己出国置装节约下的300元交了党费。 在胡济邦的精心安排下，茅盾夫妇1946年12月25日抵达莫斯科，正式访问苏联。","ch","news"
"第二，不受限于老师，可以自由选择授课老师； 第三，选择度更高，可以选择不同机构的不同教育课程。","ch","news"
"伟人已逝，但曼德拉的非暴力精神长存，“体育，拥有改变世界的力量”的警句依然在耳边回荡。 奥林匹克神圣休战，这是世界最大的综合性运动会——奥运会所秉持的理念。","ch","news"
"主办者称今年的游行吸引了数十万人前来观看。 (谢荣镇) 美人鱼造型之一。 谢荣镇摄 纽约市长白思豪装扮成海盗参加游行。","ch","news"
"握手言和的两队同积4分并列第一，巴西队以进球数多排在榜首。 本组出线形势还要看同组另外一场喀麦隆与克罗地亚的比赛结果，以及最后一轮比赛。","ch","news"
"2月18日，中央文明委在北京召开全国未成年人思想道德建设工作电视电话会议，提出要将家风教育作为未成年人思想道德建设的重要任务。","ch","news"
"原标题：泰军政府展开“显微镜”反腐被指铲除他信势力【环球时报驻泰国特派记者于景浩】泰国政府最近反腐动作频繁，继16日宣布开始对8个政府和公共部门项目进行审查后，18日又新增28个待审查项目。","ch","news"
"据调查，航机飞行约五个小时后，商务舱厕所水龙头出现异常，一名空姐检查以为水龙头是旅客使用不当，但意外在垃圾桶旁隐密处发现一组针孔摄影机，连忙通报事务长及一名空少处理。","ch","news"
"补齐安全合作短板以应对共同面临的威胁，成为摆在亚洲国家面前一道急需解决的难题。 更令人担忧的是，尽管已进入新时期，有些人的脑袋还停留在旧时代，冷战思维、零和博弈仍大有市场。","ch","news"
"2013年后半年由于降水较多，医院院内地面雨水从大门直接流到未建成的道路上，并流入医院西侧约40米处农户 何家的耕地中，大约有20平方米的下陷痕迹，目前该耕地内长有20厘米高的小侧柏，没有其他树种；","ch","news"
"”“呃……”蒋介石把头一摇，坐了下去，又和颜悦色道：“坐下讲，坐下讲。 ”受到鼓励，毛人凤将腆着的肚腹使劲收拢，便将半边屁股搁在了椅子上。","ch","news"
"作为里约奥运会帆船比赛地，瓜纳巴拉湾的水污染问题近来备受关注。 在该海域可以看到被污水冲刷到岸边的床垫、鞋子和其他生活垃圾，而在污染严重的海域，成堆的垃圾在海水低潮时竟会形成“小岛”。","ch","news"
"印度坚持战略东向，力推“印太”战略，“再亚太化”态势明显。 澳大利亚2013年发布的《国家安全战略》和《国防白皮书》均聚焦亚太，将亚太视为国家安全与繁荣的重点区域，强调抓住机遇深度融入亚太。","ch","news"
"目前，按照文件要求，对党政领导干部在企业兼职的集中规范清理工作已基本告一段落，中央组织部有关负责人日前就规范清理工作情况回答了记者的提问。","ch","news"
"仍然把于小伟的憨实，董璇的矜持，黄轩的帅气，曾志伟的傻萌，谢晶晶的刻薄分别用单幅图片表现，拼在一起，共同组成了那个令人向往的缤纷校园生活的底色。","ch","news"
"这些年，身披国家队战袍国脚的心理负担，同样传染到了各年龄段国家队，甚至是青训营里的孩子。","ch","news"
"谈到之前一段时间澳洲训练对自己的变化，孙杨说：“训练很累，每天凌晨四点就要早起，不过技术有了很大的提高。","ch","news"
"刘克锋向记者介绍团队的科研状况 刘克锋向记者介绍团队的科研状况人民网北京5月25日电（熊旭 实习生马倩）“粪便不同，它所含的养分就不同！","ch","news"
"就是想问下想这种情况我们的准生证如何办理？ 其办理流程是怎么样的？ 感谢您百忙之中能看见我的求助！","ch","news"
"报道称，虽然后面的行程还有很多，但李克强此次访英之旅已经比去年英国首相访华之旅成功得多。","ch","news"
"不仅是肯尼亚百年来建设的首条新铁路，也是东非北部走廊的第一段，具有东非铁路网的咽喉地位。","ch","news"
"各交通支、大队将在考点周边设置“考试期间减速慢行”、“禁止鸣笛”等字样的临时提示牌，提示驾驶员为考生营造安静的考试环境。","ch","news"
"这是我们永远不能改变的宗旨。 共产党绝对不能变成为家族利益、集团利益服务的政党，不能变成""先富起来""的人。","ch","news"
"有趣的是，曾经不接受二人搭档的观众中，有很多是胡歌的忠实影迷，但随着剧情的播出，他们也成了闫妮的铁杆粉丝。","ch","news"
"法国第32分钟也错失良机，本泽马突入禁区左侧在底线附近被朱鲁绊倒，本泽马主罚点球被贝纳利奥扑出，卡巴耶小禁区边缘补射空门打中横梁。","ch","news"
"孔德芳/摄 5月24日， 在此次绿色骑行活动的参与者中，不乏小朋友的身影。 孔德芳/摄 5月24日下午，丹麦驻华大使裴德胜（左一）与两百名北京市民在延庆县的野鸭湖国家湿地公园参与绿色骑行活动。","ch","news"
"我们知道日本队是个值得尊敬也很有实力的球队。 但是对手也是这么看待我们的，让我们看看明天双方场上的表现吧。","ch","news"
"位于博览中心三楼的赛场从去年12月1日开始施工，涉及改造总面积约11万平方米，灯光、地板、看台等设备设施都是租来的。","ch","news"
"这名空姐在微信圈笑称，“申花队队员坐飞机去天津，终于让我领悟到智商是硬伤的道理，四肢发达，头脑简单还真不是吹的！","ch","news"
"其二，取其谐音“百财”，意指百财聚来。 其三，其色泽青色、白色，寓意为人品质正直、清白。 正在进细部处理的白菜底座，上层刻有祥云星辰，寓意恒久祥和，下层雕“梅、兰、竹、菊”，梅兰竹菊乃花中君子，其中含义寓指“君子爱财取之有道”。","ch","news"
"在庐山会议上，批彭德怀没有一个人敢不积极。 中国共产党党内政治生活不正常，没有形成一个民主风气。","ch","news"
"尽管波士华城市群偏重于公路建设，但近些年交通拥堵问题越发阻碍发展，令人大伤脑筋。 今年5月初，美国交通科学研究院（ATRI）公布一项调查，2013年，美国洲际公路上的交通拥堵给当地货运业增加了超过92亿美元的运营成本。","ch","news"
"斯托尔滕贝格说，今后两周内，北约将在地中海中部部署舰船和飞机，为欧盟在公海展开查扣偷渡船只的行动提供情报和后勤支持。","ch","news"
"最后，龚曙芳还建议进行一些适度的运动，如散步、慢跑、游泳等，对于胃肠蠕动功能都有加速作用，会使血液循环增快一些。","ch","news"
"体现出来有几个特点：第一，基金公司反映比较市场化，反应是比较快的，它的IT人员、互联网人员，人员的比重和人员的薪酬是明显上升，这是一个比较明显的变化。","ch","news"
"女性养生：13种便宜食物&nbsp;解决脸上瑕疵 原标题：女性养生：13种便宜食物 解决脸上瑕疵 女性养生：13种便宜食物&nbsp;解决脸上瑕疵 4、绿豆绿豆味甘，性凉，有清热、解毒、祛火之功效，是我国中医常用来解多种食物或药物中毒的一味中药。","ch","news"
"近日，一则""个税改革再度成重磅热点年收入12万以上被定为高收入""的新闻刷屏了朋友圈，引发民众热议。","ch","news"
"虽憾负于阿根廷，但也让人记住了这名狮子座球星，尽管没有扳平比分，但伊比舍维奇在巴西世界杯的首秀值得称道。","ch","news"
"接来老人，吃喝拉撒样样要钱，钱从哪来？ 朱捷家庭收入并不宽裕。 他和妻子商量，把留给孩子的教育基金提前拿出来，作为老人的养老基金。","ch","news"
"这本是件高兴的事情，但是随后却发生了小插曲。 “在从一个人行天桥下经过的时候，右后轮碰上了一个翘起来的下水井盖爆胎了，车辆停了下来，”张先生说，查看后确认，右后轮胎爆胎，轮毂也有损坏。","ch","news"
"萨维利为阿根廷队拥有梅西感到骄傲。 他说：“今天我们队所有的球员都为比赛做出了贡献，当然我们有个名叫梅西的天才。","ch","news"
"”这些不懂外语，又没出过国，从黄土地走来的“土八路”夫人们，个个都是短发。 胡济邦指着她们的发型说：“解放区的发型不符合外交场合要求。","ch","news"
"小泽征尔还谈到当前的中日关系，称两国在政治层面与摩擦，但民间交流应当继续。 小泽征尔于2010年宣布罹患食道癌，接受治疗后曾一度复出，但多次因身体不适而取消演出活动。","ch","news"
"本场比赛小威的状态非常糟糕，首盘比赛在1-0领先的情况下一度连丢5局，最终以2-6先输一盘。 第二盘，小威一上来又以0-3落后，最终以2-6再丢一盘，职业生涯首次输给对手，爆冷止步第二轮，这也是小威在法网赛中的历史第二差成绩（2012年曾止步首轮）。","ch","news"
"而买通监管者事实上成为一种可行选择时，一些原本环评不过关等资质不符合要求的项目个案，也因此具备了“跑部钱进”获得“路条”的可能。","ch","news"
"中方对此有何评论？ 洪磊说，中方对有关报道表示严重关切。 一段时间以来，媒体披露了很多美方对包括中国在内的国家实施监听、监控、窃密情况。","ch","news"
"第二天，因为事故对方报警，宏波与何风到交警队处理这次事故。 经过讨价还价，宏波赔偿对方1.9万元。","ch","news"
"王毅说，中方在半岛问题上始终秉承公平、公正、客观立场，致力于和平解决半岛核问题，实现半岛无核化，反对任何一方制造局势紧张的言行，作为六方会谈东道国，中方为通过对话解决半岛核问题发挥了建设性作用，履行了应尽职责。","ch","news"
"我军在四次偷渡成功后，于1950年4月16日大规模强渡琼州海峡，以摧枯拉朽之势，一举突破所谓‘伯陵防线’，仅半个月便解放了海南全岛，开创了我军渡海作战胜利的先例，创造了木船战胜军舰的奇迹。","ch","news"
"资料图：港独分子闯驻港部队军营。 中国独家报道【一名涉嫌擅闯驻港部队军营者被判监2周缓刑一年】涉嫌擅闯驻港部队军营并否认控罪的“香港人优先”成员招显聪，19日在香港东区裁判法院被裁定“无许可证进入禁区”罪名成立，判监2周，缓刑12个月。","ch","news"
"今天的西欧国家穆斯林人口众多，但很多年轻人找不到工作，很容易被极端势力通过网上渗透来洗脑，然后去从事自认为“很酷”的工作。","ch","news"
"这66个孩子是由第一书记带过来的，另外，一些孩子是经过当地村委开具贫困情况证明，证明他们确实是需要帮助的贫困孩子，为了更严谨，有些村子除了开证明外，还进行公示。","ch","news"
"他们的作用绝不仅仅是叙述方式和情绪渲染层面的，而是关系到总体结构的。 没有他们，这出戏的史诗感就会出问题。","ch","news"
"渝友/CFP 打火机能点燃无名气体。 渝友/CFP 83岁耿婆婆家里的红苕储藏地窖整天燃烧着火焰。 渝友/CFP 打火机能点燃无名气体。","ch","news"
"组委会主席切尔内申科表示，举办赛会的全部盈余将用于支持俄罗斯体育事业的发展，其中可观的数额将用于残疾人体育事业。","ch","news"
"事实上，所谓的精品指的就是增加了的AMG外观套件。 警惕“虚荣陷阱”&nbsp;奔驰4S店私改AMG外观加价20万 黄小姐也承认，奔驰南通之星4S店的“限量版”奔驰M级越野车所使用的套件并非德国进口的AMG原厂套件。","ch","news"
"(Osports全体育传媒 版权作品 严禁转载) 俄罗斯队在比赛中扣球 俄罗斯队在比赛中扣球人民网5月28日电 北京时间5月28日凌晨，2014年瑞士女排精英赛在瑞士蒙特勒开战，新一届中国女排本赛季首次亮相，经过五局的苦战，中国队以3-2战胜俄罗斯队赢得开门红。","ch","news"
"叶群、江青、谢富治乘黑色“红旗”轿车回到毛家湾。 叶群把客人请进会客室，让工作人员叫来赵根生，从他手里拿到材料，并追问了一句：“没有拆封吧？","ch","news"
"我说：你两天就全面恢复正常，我怎么还没有适应啊？ 小法回：这就是年龄的原因啊，所以管我叫姑娘，而你只能叫娘。","ch","news"
"本场赛事前乌拉圭再遭打击，主力右后卫佩雷拉自动停赛，老队长卢加诺膝盖出现问题无法出战英格兰，塔瓦雷斯不得不对防线作大调整，首战表现不佳的边后卫卡塞雷斯恐怕也会被派上场。","ch","news"
"人民网北京6月18日电（记者燕帅）今年3月底，中宣部、国家新闻出版广电总局等九部门联合开展打击新闻敲诈和假新闻专项行动。","ch","news"
"韩国队三名来自中超球队的球员中，只有金英权在首场比赛中首发出场，他是球队绝对主力中后卫。","ch","news"
"据美国驻肯使馆所在的吉吉里区警长维塔利斯·奥蒂诺介绍，这名男子在使馆签证处入口用刀刺向负责警卫的一名警官，致其头部和手部受伤，并欲夺走警官手中的枪。","ch","news"
"国足应向伊朗讨点血性新华社记者卢羡婷在22日凌晨进行的一场世界杯小组赛中，阿根廷队凭借梅西在补时阶段的入球1：0险胜伊朗队。","ch","news"
"就在病重住院期间，他还时刻关心着新疆的石油事业，经常与前去探望他的同志探讨新疆油田的生产问题。","ch","news"
"围棋TV是由著名棋手刘星等人创办的网络围棋传播平台，凭借新颖的网络视频直播和与棋迷的互动吸引了很多关注。","ch","news"
"值此协议生效即将届满五周年之际，最高人民法院召开新闻发布会通报两岸司法互助协议在大陆人民法院的落实情况。","ch","news"
"”“当然想了。 他们不能一辈子跟着我们在那么小的地方生活，见点世面总有好处的，”卡罗丽娜说。 一小时后，大雾最终散去，我们也登上了飞往库里蒂巴的航班。","ch","news"
"眼药水分为处方药和非处方药、也分为中药和西药，一般分成五类：第一类是抗感染的，第二类是降低眼压的，第三类是针对老年患者的白内障用药，第四类是辅助检查用药，在医院比较常用，最后一类是上班族、用眼过多人群使用的人工泪液。","ch","news"
"反差也太大了吧？ 提示：支持 箭头翻页 &#34;爸爸回来了&#34;李小璐与李小鹏娇妻PK比基尼&nbsp;林依轮儿子曝光 有吗？","ch","news"
"湖北瑞通天元律师事务所律师冯朝辉认为，面对消费者的质疑，娃哈哈有义务做出说明和解释，其水溶解氧含量达到所宣传的含量是否有依据。","ch","news"
"比利时和俄罗斯队在历史上交锋过8次，比利时队以3胜1平4负的成绩略处下风，双方上一次在世界杯上相遇是在2002年韩日世界杯小组赛上，当时比利时队以3:2击败了俄罗斯队。","ch","news"
"”上世纪九十年代出书不难，出版社经常组织“剪刀+糨糊”式的写作班子。 当时，有出版社找到金一南，希望他参加一部丛书的撰写，负责红军长征部分，拼够资料就行，不超过20万字，3个月交稿。","ch","news"
"世界杯小组赛第二轮还没比完，代表亚洲出战的其他3支球队中，澳大利亚队已两连败提前宣告出局，韩国和伊朗队首战只勉强收获平局，接下来还要面对强敌。","ch","news"
"六、物业公司应加强管理 物业公司作为给业主服务的，就应加强对其工作人员的日常管理，严格要求遵守公司制度。","ch","news"
"他表示，党的十八届三中全会的一个重大突破，就是市场要在资源配置中起决定性作用。 要素配置更要通过市场，同时要更好发挥政府作用。","ch","news"
"只有穆斯林能赢得这场抗争。 李光耀指出，必须鼓励温和派穆斯林站起来反对极端主义者，因为我们正在接近临界点。","ch","news"
"救助关口能否再前移侯晓学(河南省郑州市儿童福利院副院长)所谓弃婴岛试点引发“弃婴潮”，只是一直存在的问题的显性化。","ch","news"
"两大“球王”贝利、马拉多纳20日纷纷表示，主教练勒夫对德国队战术的改造和运用大获成功，令人称赞。","ch","news"
"这使得马女士怀疑起车辆的品质和原装进口车的身份。 随后，马女士也发现，新车厂牌型号与实际车身严重不符。","ch","news"
"这位德国队曾经的核心表示，德国队紧凑的防守和快速的反击，在巴西湿润高温的天气下非常奏效。","ch","news"
"对此，南部县人民政府信访局答复称，南部县已完成中小学代课教师清理和对象锁定工作，并将在2014年6月底前按每代课满1年补助1000元的标准兑现辞退补助费。","ch","news"
"林丹半决赛的对手是丹麦名将约根森。 首局比赛林丹进入状态较慢，失误不断，并以14：21告负。 第二局比赛，林丹明显增加了正手的攻击性，关键时刻连连打出制胜分，并把握住第一个局点的机会正手斜线进攻得手，以21:19艰难扳平比分。","ch","news"
"“有些农村的孩子都没看到过足球，我们希望把体育的种子带到农村去，让更多的孩子来踢球，让他们喜欢运动，”黄龙体育中心副主任赵航波说。","ch","news"
"第五局，中国朱婷发球、曾春蕾和杨珺菁相继拦网以4-1赢得主动，不过惠若琪接飞一传被追平到4-4，好在曾春蕾和朱婷后攻、惠若琪打手出界以8-5领先交换场地。","ch","news"
"也让克洛泽和德国国家队前辈“轰炸机”盖德·穆勒一起永载世界杯史册。 那届世界杯，克洛泽又再次创造了世界杯历史上的一项伟大纪录：他是世界杯进球持续性最好的球员，史上唯一一位连续参加三届世界杯每届至少攻入4球以上的球员。","ch","news"
"幸好当值主裁眼观六路，直接红牌将宋逐出场外。 这张最“无厘头”的红牌，为喀麦隆的惨败出局早早埋下祸根。","ch","news"
"而《后会无期》和《小时代3》的电影出品方也暗战不休，对待“互联网营销”的不同态度造就了双方的分歧。","ch","news"
"谈到伦敦奥运会的目标时，他说了一句让记者印象非常深刻的话：“我人生的光环已经太多太多了，只是尽力再挣一个光环。","ch","news"
"纳薇·皮莱在接受日内瓦媒体采访时说，“我鼓励球员勇敢地宣布出柜。 这是同性恋人群唯一获得更广泛认同的方式。","ch","news"
"难以超越&nbsp;怎么翻拍都不可撼动的80个经典角色 难以超越&nbsp;怎么翻拍都不可撼动的80个经典角色 68.龚慈恩版《雪花神剑》聂小凤绝对是香港武侠电视剧史上最经典的反面人物。","ch","news"
"“嫣然天使基金”于同年成立。 嫣然晚宴当日，是小李嫣的6岁生日，菲鹏一直以来的愿望—开办一间医院帮助兔唇儿童，也在这一天终于达成。","ch","news"
"下场面对法国队将很艰苦，还要好好研究对手。 “我从小就渴望着有朝一日能够参加世界杯。 谢谢教练组给了我这个实现梦想的机会！","ch","news"
"中国人民大学专家认为，欧美国家最重要的制度保障是对违规者的严惩，企业不仅可能倾家荡产，还要记入“黑名单”，“用诚信监管让企业不越雷池。","ch","news"
"在各方看好亚洲发展前景，希望加强本地区一体化进程的大背景下，中方认为，中韩合作已有很好的基础，目前处在建交以来最好时期，双方更有能力和条件通过加强彼此战略合作，为亚洲、特别是东亚的整体发展发挥更重要的作用。","ch","news"
"京津冀一体化上升至国家战略，不少商家和民众看到了其中的商机，也出现了一些过度炒作的迹象，并产生了一些负面影响。","ch","news"
"（人民网记者翁奇羽 摄） 教练会要求男孩们将自己的头盔、水壶摆成一条直线。 如果忘了的话，将被罚做俯卧撑。","ch","news"
"25、对台湾地区施行的所谓“法律”，应表述为“台湾地区的有关规定”。 涉及对台法律事务，一律不使用“文书验证”、“司法协助”、“引渡”等国际法上的用语。","ch","news"
"这部剧是武侠经典之经典，更是“靖哥哥”的巅峰之作。 黄日华演绎下的郭靖，憨得可爱、可气、又可敬，至今无人匹敌。","ch","news"
"而在本场输给乌兹别克斯坦后，前国脚并有执教经历的李铁表示，首发更换７人，战术体系又进行了更换，感觉球员的力量使不出来。","ch","news"
"”张一鸣突然轻轻地诵道。 “你？ ！ ”苏莞尔蓦然睁开双眼，有些难以置信地看着张一鸣。 张一鸣不动声色地道：“意大利面吃起来总是连汁带水的，十分不方便。","ch","news"
"“‘90后’创业者、领军企业骨干创业者、连续创业者、海外创业者成为中关村4支创业大军。 ”郭洪说。 2月4日，中关村发布“创业中国引领工程”，推动大众创业。","ch","news"
"小组赛前两轮，卫冕冠军西班牙队以１：５和０：２分别负于荷兰队和智利队，成为巴西世界杯中最早被淘汰的队伍，也成为世界杯历史上第四个在小组赛中即遭淘汰的卫冕冠军。","ch","news"
"第二次是稍微大一点的时候，调皮的他自己跑出了家门，结果迷路回不到家，被陌生人搭讪，危险时刻，福大命大的他被警察及时发现，安全送回家中。","ch","news"
"报告还显示：2014年初至今，深市新开户投资者中30岁以下的占比37．7％，而2013年底深市投资者中30岁以下的占比仅11．66％；","ch","news"
"在东突恐怖分子建立的数十个训练营地里，恐怖分子不仅学会了使用枪械和制造爆炸装置，而且还接受了极端宗教思想的灌输。","ch","news"
"如果参保者每移动一次，就转移一次养老保险关系，对个人来讲很复杂，经办成本也很高。 问：参加了不同类型的养老保险，最终待遇怎么算？","ch","news"
"在游戏中，玩家可以通过简单直观的操作方式，运用“探索”机能找出关键道具与线索，从而选择正确的选项，推动故事发展。","ch","news"
"宋坤告诉记者，她和郭川在２００９年相识，那时郭川是沃尔沃环球帆船赛的媒体船员，而她在一家帆船俱乐部工作。","ch","news"
"更严重的是，在这场比赛中，正是杰拉德的两次失误让乌拉圭完成了进球。 英格兰的下一场比赛将会面对哥斯达黎加队，这也是杰拉德代表英格兰队出战的第114场比赛。","ch","news"
"二、处理结果 2014年1月26日任某某去世后，两渡村支部、村委考虑其家庭经济困难状况，愿借给其子女两万元用于安葬老人，但反映人林希某却提出数十万元赔偿的无理要求，导致事情搁置处理。","ch","news"
"同时在小区内和周边居民院内配置垃圾桶26个，并派专人定时收集，形成长效保洁机制。 晋中市环保局表示将采取明察暗访、随机抽查等方式，加大城乡清洁工程的监督检查考核力度，逐步实现城乡清洁工程科学化、制度化、规范化管理。","ch","news"
"里约州政府和巴西联邦政府均认为这一失误是组委会特别安全小组的责任，他们没能够控制球迷的冲入。","ch","news"
"”就在近期，北京２０２２年冬奥会主要场馆之一的国家速滑馆建筑概念方案国际竞赛公告一经发布，就吸引了全球众多设计机构的目光。","ch","news"
"中国共产党新闻网公共微信账号“党员学习微平台”新版同期亮相。 6月20日至7月1日期间，网友只需关注“党员学习微平台”（微信号：cpcnews，或扫描下方二维码），发送“庆七一”，即可获知“庆七一·换头像·得大奖”活动具体参与方法。","ch","news"
"上赛季，丁锦辉受伤病影响，整个赛季仅出场２２次，场均得到１０.３分和４.４个篮板，依旧是球队的本土第一人。 新赛季，除了球员这一身份之外，丁锦辉将转型助理教练。","ch","news"
"2013年12月26日，一段“沈阳再现开房门”视频引爆网络。 视频由一家酒店的大门、大堂、电梯、客房等处多个摄像头监控视频剪辑而成，并配有文字说明。","ch","news"
"同时，为响应联合国教科文组织提出的推动“能力建设战略”本土化的号召，中心还将再次承办能力建设战略“师资培训班”，系统培养能力建设战略框架下本土化的师资力量，弥补人力资源不足。","ch","news"
"董必武的人格魅力赢得全党全国人民的爱戴和国际社会的尊重。 他逝世后，联合国发来唁电。 噩耗传来，毛泽东拖着病体赋词《悼董必武同志》：“梦绕神州路，怅秋风连营画角，故宫离黍。","ch","news"
"这样慢步走还平稳一些，心里咚咚跳着也罢了，问题是班长突然改变口令，拉长音喊“快走”，老兵们从后面一鞭子，马就小跑起来，只见新兵们左摇右摆的，几下就一个个地从马背上栽进雪窝里，如下饺子一般。","ch","news"
"同时，各级公安部门也通过微博对该信息进行转发，充分利用微博信息传播快的优势让信息受众快速扩大，这对及时找到嫌犯的线索意义重大。","ch","news"
"现在企业承兑汇票的折扣率达到8%，企业平均的融资成本在10%左右，而实体经济净资产的利润率也只有5%-8%。","ch","news"
"市民观看和参与体育赛事的热情被调动起来，苏州市民顾艳告诉记者，她早早买好了世锦赛的门票，“到时带着儿子一起去看，他可是张继科的小粉丝。","ch","news"
"1996年5月12日清晨，阿荣汗·阿吉和往常一样早早起床，在儿子的陪伴下，准备穿过门前这条小巷到艾提尕尔清真寺主持当天的礼拜。","ch","news"
"本报北京5月27日电记者从各地教育考试部门获悉：截至目前，已有29个省区市正式对外公布加分新政。","ch","news"
"陶喆个性低调，之前传他跟小模简宝珊从交往、结婚到离婚，他一概否认，这段感情彷彿完全不存在。","ch","news"
"中国数独队以预赛第二名的成绩进入团体决赛，决赛中再接再厉稳定发挥，最终获得亚军，保持了境外参赛最好成绩。","ch","news"
"好吧，有些羡慕的，但是我总能想办法找到一块地方滑一滑。 ”不时的捂脸卖萌逗笑，完全没有了冰上名将的气势，更像一个向大家撒娇的小孩。","ch","news"
"当笔者提出参观一下他的作品时，“老孙”欣然应允。 走进地下防潮层的一瞬间，笔者被怔住了，只见约150多条规格不一、颜色各异的龙身整齐的摆放在木架上，地上也规整摆放着若干雕刻精致的龙头和龙尾，有一年轻小伙子正在熟练地画着龙身纹路。","ch","news"
"所以说“苏湖熟，天下足”。 这两条河对于汴京的社会生活具有很重要的作用。 地图上汴河居北，处上位，故称上河。","ch","news"
"来自北京高校的中国大一、大二学生与在华留学生通过对方的语言展开会话交流，结识学习中的新伙伴。","ch","news"
"“进入三季度，公司销售额和订单量都出现高增长。 销售额稳定在300多万元，还签订了一个400多万元的订单，是公司成立以来最大的单子。","ch","news"
"另一方面，中央政府并不希望楼市崩盘。 从近期官方媒体和一些幕僚的表态看，目前当局认为本轮楼市调整是一次正常的市场波动，并不会崩盘。","ch","news"
"它致立于引领城市金融行业运行、增强区域竞争实力，再创城市价值。 ”在推介会现场，一共签订了6个项目，包括：廊坊开发区管委会与村镇银行项目投资方签署投资协议，项目计划总投资5亿元人民币；","ch","news"
"” 明道帅气捞金&nbsp;自爆择偶标准&#34;善良孝顺排第一&#34; 明道帅气捞金&nbsp;自爆择偶标准&#34;善良孝顺排第一&#34; 明道帅气捞金&nbsp;自爆择偶标准&#34;善良孝顺排第一&#34; 明道帅气捞金&nbsp;自爆择偶标准&#34;善良孝顺排第一&#34;","ch","news"
"同日，通化市七届人大常委会第十次会议决定任命乔恒为通化市副市长、代市长，决定接受田玉林辞去通化市市长的请求，并报市第七届人民代表大会第三次会议备案。","ch","news"
"”他还指出，除采购新舰艇之外，海军还将强化其陆战队，并为所有负责里海安全的部队组建统指挥结构。","ch","news"
"1992年10月，党的十四大提出建立社会主义市场经济体制，确立社会主义市场经济体制的改革目标。 1993年3月29日，全国人大八届一次会议通过宪法修正案，“社会主义市场经济”的内容正式写进国家《宪法》。","ch","news"
"在波黑球员听来，新西兰的主裁判奥莱利在库亚巴潘塔纳尔体育场吹响的终场哨音格外凄厉断魂，这支首次出现在世界杯决赛圈的球队，晋级之路在6月21日晚梦碎于尼日利亚队脚下。","ch","news"
"“我们希望为个人资产300万以上的高净值人群提供一站式综合的财富管理服务，资产配置方案的规划与解决能力是我们的优势，依托这种能力，最大限度的增强客户的忠诚度与粘性。","ch","news"
"底事昆仑倾砥柱，九地黄流乱注，聚万落千村狐兔？ 天意从来高难问，况人情老易悲难诉。 更南浦，送君去！","ch","news"
"我当时不愿去，倒并不是我已经嗅出了点什么，想故意推脱，只是不喜欢去《北京日报》，拖延其事，碰巧就错过了北京市委被迫仓促应战的这些准备。","ch","news"
"从目前走势来看，10月19日国内成品油零售限价将迎来年内最大涨幅，预计幅度超过280元／吨，而国际原油的不断上涨，也成就了国内成品油批发价一波“高涨”行情。","ch","news"
"蓝皮书数据显示，长三角三省市体育产业起步早、发展快，目前占全国体育产业增加值比重超过30％。 江苏2013年体育产业增加值为626.11亿元，浙江2012年体育产业增加值达到279.29亿元，上海2011年体育产业增加值为112.42亿元，三省市体育产业GDP占比近年来一直呈上升趋势。","ch","news"
"不过，对于周杰伦歌曲进教材，赞成的声音虽然微弱，但同样弥足珍贵，他们认为，中小学生喜欢周杰伦超过鲁迅的文字倒有可能，让教材接点地气，让教材多点娱乐因素，让教材里的人物不太陌生，这不是坏事。","ch","news"
"开展“反驳歪理”和讨论辨析等活动，在思想交锋中拉直官兵心中问号，进一步坚定实现“强警梦”的信心和决心。","ch","news"
"紧接着，从2011年时任俄罗斯总理普京访华所说的“谈判接近终点”，到2012年俄气“协议即将达成”，再到2013年和2014年两次“年底前达成协议”的表态，都曾让业内人士一度兴奋。","ch","news"
"”这样的结果还引起了影子内阁大学部长利亚姆·伯恩（Liam Byrne）的担忧，他警告说：“英国的对手并没有坐以待毙，而是在抓紧赶上来，我们似乎进入了一个错误的方向，整个国家大学的环境显得萎靡不振。","ch","news"
"马拉多纳的暴脾气果然名不虚传，阿根廷足协主席说他是“扫把星”，他则回应对方是“可怜的蠢蛋”，并配以一记中指。","ch","news"
"但随着时代的改变，医学进步、信息社会的发展，英国医疗系统面对的挑战也在变化。 人口老龄化、治疗成本不断增加等令医疗服务供不应求。","ch","news"
"但奥马尔的另一个朋友萨利尼却很坚持，“我还会去那里看球，除非经营者不让我去，或者他把我轰出来。","ch","news"
"根据这份声明，除了这三个新增名额，科威特人法赫德的国际足联理事任期将于明年到期，这次大会也将选出他的继任者。","ch","news"
"有的不敢干，怕担当，觉得多干一事多一份责任，少干一事少一份风险。 三、对继续深化行政体制改革的建议与会专家按照党的十八届三中全会精神和今年《政府工作报告》的部署，就下一步深化行政体制改革提出了建议。","ch","news"
"中国队派出９名女选手参赛，其中许安琪、秦雪和孙一文止步３２强，孙玉洁晋级八强但在四分之一决赛中以１４：１５惜败于俄罗斯选手洛古诺娃，最终名列第五位。","ch","news"
"原标题：惩防并重是个好主意（海西时评）“给钱！ 不给钱就扒光你的衣服！ ”几个小女生晃着烟头威胁同校的一名学生。","ch","news"
"1976年，米哈尔科夫的第二部故事片《爱情的奴隶》扬名国际。 他借此片获得了德黑兰电影节最佳导演奖。","ch","news"
"1993年11月至1998年3月，新疆维吾尔自治区党委组织部知识分子工作处处长； 1998年3月至1999年10月，新疆维吾尔自治区党委组织部部务委员(副厅级)(1997年9月至1999年7月，新疆大学政治经济学专业研究生课程进修班学习，获经济学硕士学位)；","ch","news"
"另外一名学生家长见状，赶来帮助刘先生解围。 刘先生随后又将皮包转给这名学生家长。 几名打人者又转向那名学生家长。","ch","news"
"如果比利时顺利夺冠，自己将剃掉标志性的“爆炸头”。 世界杯小组赛首轮对阵阿尔及利亚队时，蘀补登场的费莱尼头球扳平比分，比利时队也最终以２：１战胜对手。","ch","news"
"(七)完善企业为主体的产业技术创新机制市场导向明确的科技项目由企业牵头、政府引导、联合高等学校和科研院所实施。","ch","news"
"据民政部网站消息，6月18日下午，部分地区出现强降雨天气，其中16－19时岷县茶埠镇最大降水量达43.2毫米，引发洪涝灾害。","ch","news"
"7、Skully安全帽一家安全帽公司 Skully打造了一顶全新的智慧型Skully安全帽，使得边骑车边用手机，不再危险。 Skully采取了全罩式安全帽设计，在安全帽的后方有安装一个视讯镜头是其最大的特色。","ch","news"
"《纪录》强调，美国必须就其监听行动作出解释，必须停止这种严重侵犯人权的行为，停止在全球网络空间制造紧张和敌意。","ch","news"
"颇受宠爱的演艺圈 “大笑姑婆”杨千嬅与台湾气质偶像“忧郁男神”周渝民倾情加盟由杜琪峰执导都市爱情喜剧《单身男女2》，在第一部原班人马高圆圆、古天乐、吴彦祖的基础之上阵容豪华升级，使之人物关系更加错综复杂，故事情节更加丰富精彩。","ch","news"
"普兰德利要为自己的保守战术买单，蓝衣军团要为轻视对手付出代价。 哥斯达黎加不但将英格兰从死缓改判死刑，更一手制造最后一轮的生死大战：乌拉圭VS意大利，去死拼第二个出线名额吧！","ch","news"
"郭川驾驶帆船于北京时间10月19日5时24分11秒从旧金山金门大桥出发，以上海金山为目的地，进行单人不间断跨太平洋创纪录航行。","ch","news"
"在训练前的新闻发布会上，国足主帅佩兰表示这场热身赛的目标一是要巩固国足的世界排名，以保障世预赛抽签的有利位置，二是要考察新队员丰富技战术打法。","ch","news"
"有些老师平时也懂得怎样教好常态的语文课，然而一到公开课，一有领导来听课，就本末倒置，忽视了课堂上的学生，只关注听课者的反应和评价，没有让学生真正成为课堂主体，没有让课堂体现“真读、真说、真写、真对话”。","ch","news"
"至此，四名中国选手全部在法网首轮落败。 罗兰·加洛斯球场上空乌云密布，天气阴冷。 李娜走进赛场时表情凝重阴郁。","ch","news"
"其中，会议决定任命杨勤荣为大同市人民政府副市长、张渊启为大同市城乡规划局局长； 决定免去靳瑞林大同市人民政府副市长职务。","ch","news"
"周迎春建议，工作再忙，醒来后最好睁眼躺在床上，想想一天的计划，让正在“休息”的肌肉和血液慢慢“清醒”。","ch","news"
"为切实保证科学性和实效性，该站的心理服务小分队通过组织官兵座谈、开展心理测查、亲切引导等方式，让官兵说，听官兵说，初步掌握了官兵的性格特点和总体心理健康状况。","ch","news"
"此时，勒夫准备换上队中唯一一位正牌中锋克洛泽，这个选择在赛后看来绝对是他本场做出的最正确决定。","ch","news"
"本周，华北黄淮白天天气晴朗，光照充足，紫外线辐射强且格外炎热，外出需注意防晒防暑。 对于农民朋友，此轮高温天气利于冬小麦灌浆成熟、春播作物生长及夏收工作的顺利开展，但部分地区需防气温过高可能引发的干热风。","ch","news"
"埃及地区战略研究中心是埃重要智库之一，其研究领域主要集中于中东地区政治与安全、国际关系等方面。","ch","news"
"第四，在目前中国经济发展方式正处于转型的时期，北京、天津和河北是转型最迫切的地方。 该区域是近年来PM2.5和大气污染最严重的区域，是中国转变经济发展方式、治理大气污染最难啃的硬骨头地区。","ch","news"
"“历史上只有一个哈维，国家队曾经的荣耀很大一部分都归功于他。 ”卡索拉说，“他是名伟大的球员。 他还是国家队的一部分。","ch","news"
"令我们感到关切的是，日方不仅在国内加快推动解禁集体自卫权，而且在国际上和周边不断制造对立紧张，刻意渲染所谓地区威胁，目的很明显，就是要为其推动修宪扩军做铺垫，找借口。","ch","news"
"2014 年，英特尔更是推出全新的计算平台英特尔 Edison，将电脑元件浓缩在一个 SD 卡大小的空间里，为创客打造了开发利器，以帮助更多创客加速实现其“创新梦”。","ch","news"
"在18日的训练前，球队全员为遇难者默哀一分钟，并表示将竭尽全力争取胜利以告慰逝者。 当天，尼日利亚队在坎皮纳斯（圣保罗附近的小城）体育场进行备战训练。","ch","news"
"纳达尔和贝达斯科的上次交锋是在2012年的马德里，当时获胜的也是贝达斯科。 纳达尔对贝达斯科的总战绩仍以12：2遥遥领先，可是这次的比赛他输得没什么脾气。","ch","news"
"第二，人才要培养好，现在足球所缺的人才是全方位的，比如高级经理人才，高级管理人才，高级经纪人，还有教练、运动员等，我一直期待中国能出现一个高级培训机构，能为中国足球培养更多的人才。","ch","news"
"到新中国成立100年时建成富强民主文明和谐的社会主义现代化国家的目标一定能实现！ 1921－2020：一个总能把目标化为行动的政党，是蓬勃而青春的。","ch","news"
"该报道描述称，当时有些蝴蝶还在颤抖，“看到此景，现场的小孩被吓得哇哇大哭。 ”报道一出，引来骂声一片。","ch","news"
"政府免费为比赛提供场地，同时当地足协抽调运动员义务进校园普及足球运动。 值得一提的是，在２０１５年获得中乙联赛资格的内蒙古包头市南郊联社足球队在此之前就是一支靠企业赞助和个人力量组织起来的业余球队。","ch","news"
"西藏自治区体育局副局长尼玛次仁说，这次登山者未经注册就前往攀登系“偷登行为”，属于“自杀式登山”。","ch","news"
"据悉，此次选举期间，除埃及本国组织1.6万多名法官分赴各地对选举进行全程监督外，多个国际组织也派出了观察团。","ch","news"
"两年后，他率领国际船队驾驶超级三体船成功创造了北冰洋（东北航线）不间断航行的世界纪录。 （完）","ch","news"
"”贺炜则称范加尔的变阵让荷兰恢复神气，“范加尔研究的这套532打西班牙是有效的，但打澳大利亚是无效的，于是他变阵433，结果433让荷兰恢复了神气。","ch","news"
"二.当前民族高校党建工作所面临的形势（一）国际形势复杂目前，国际政治形势的动荡不安，经济形势的复杂多变，各国之间的合作与冲突充满着变数，这些很大程度上影响我国政治、经济、文化各方面的发展。","ch","news"
"整场比赛，通过他们的控制，让韩国队的进攻非常好看。 ”反观这次韩国对俄罗斯的技术，邵佳一认为，韩国主教练洪明甫在球员时代就是一个非常稳重、非常聪明的球员，他的球队也踢出了他的味道，非常有智慧性，而且在控制节奏方面做得很好。","ch","news"
"” 向警方交代儿子被他扔江中起初，郑林并不说自己所在的位置，妻子无奈以死相逼，他才说出了地点。","ch","news"
"主要社会兼职：中国电影家协会会员、中国版权协会理事、中国知识产权法学研究会理事、中国高校科技法学会理事、教育部人文社会科学研究项目评审专家、文化部国家社会科学基金艺术学项目评审专家、国家知识产权战略专家库成员。","ch","news"
"感谢并欢迎广大网友对陇南工作给予监督、批评和建议！ 陇南市委市政府督查考核办公室 2014年5月23日【网民留言】尊敬的省长您好！","ch","news"
"他说：“这是场艰苦的比赛，伊朗队表现很棒。 当梅西最后一击无人能挡。 即使两个守门员站在那里也挡不住。","ch","news"
"新华社上海3月25日体育专电（记者徐征朱翃）在2015年花样滑冰世锦赛双人滑短节目之后，庞清和佟健名列第二。","ch","news"
"杰拉姆则更像是一个传统意义上的德国人，踏实、内敛、低调而严谨自律。 场上的普林斯能踢多个位置，但更喜欢参与进攻；","ch","news"
"新车适合第一次买车的消费群体，也适合一般家庭使用。 相比老款，新款卡罗拉轴距加长了100mm，后排乘坐空间舒适，没有压迫感。","ch","news"
"首届WCA世界电子竞技大赛于去年10月在宁夏银川市开赛，当时有来自中国、俄罗斯、日本、菲律宾等29个国家和地区的3300余名选手前来参赛。","ch","news"
"舒缓的旋律，贴心的歌词诉说着岁月流转中的种种故事，“门前老树长新芽，院里枯木又开花，半生存了好多话，藏进了满头白发。","ch","news"
"日本中场大将、效力于AC米兰的本田圭佑日前表示，日本想要赢球的关键在于把球控好。 首轮与科特迪瓦队交锋，本田圭佑的进球帮助日本队先下一城，但下半场对方球星德罗巴蘀补登场，倍受鼓舞的科特迪瓦队在4分钟内连入两球，最终逆转取胜。","ch","news"
"新华社福州３月２７日体育专电（记者刘旸、陈旺）２０１６年里约奥运会射箭项目选拔赛２７日在福建莆田开赛，来自全国１０１名男、女运动员将竞争奥运会参赛资格。","ch","news"
"记者：目前来看，互联网金融对于传统金融的冲击，主要体现在三个环节：支付、信贷、理财。 您是怎么看这种冲击的？","ch","news"
"2011年11月20日起，开始担任中国达人秀第三季评委； 2012年4月30日起，开始担任江苏卫视《脱颖而出》评委。 就在名嘴们纷纷告别的时候，最早退出央视荧屏的主持界一姐倪萍，却出人意料地选择了回归，以55岁“高龄”站上了央视大型公益节目《等着我》的舞台。","ch","news"
"野雪试图在他的亚麻布上穿越生活的“障”，表达于心灵的无穷大。 生活中的野雪是一个自然主义者 ，一个诗人、画家、佛教徒，一个勤于思考的人，一个不断被精神深层的痛苦所折磨的艺术家。","ch","news"
"进一步整顿医疗秩序，打击非法行医。 落实医疗卫生行风建设“九不准”，严格规范诊疗服务行为，纠正诊疗服务中的不正之风，严肃查处收受“红包”、回扣和过度医疗等行为。","ch","news"
"成都商报记者在广汉三星堆博物馆看到了这批瓷器，发现除了5件白瓷碟外，每件瓷器上都有青色花纹，或是山水、或是人物、或是花朵，无不栩栩如生。","ch","news"
"下半场第54分钟，澳大利亚通过点球将比分反超，但范佩西随后的反越位破门将比分扳平，而90后小将德佩的30米爆射帮助荷兰队最终3-2赢得这场艰难的比赛。","ch","news"
"中国独家报道【四川荥经县发生一起交通事故致3死3伤】记者从四川荥经县委宣传部了解到，19日16时40分左右，一辆从泸定方向前往牛背山的车辆行驶至牛背山下泸定和荥经交界处（小地名为响水沟），发生侧翻事故。","ch","news"
"资料图：香港警务处中区重案组拘捕两名涉嫌擅闯军营者，包括一名28岁招姓男子和一名40岁张姓男子。","ch","news"
"这样才决定延长会期，让大家讲话、提意见、修改报告。 毛主席当时有四句话：“白天出气，晚上看戏； 两干一稀，大家满意。","ch","news"
"按照《中共石家庄市纪委关于进一步规范党员干部婚丧喜庆有关事宜的通知》要求，党员干部不准向同事、部属、下属单位和与自己行使职权有关的单位、个人发送请柬及其他任何形式的邀请；","ch","news"
"以德国首都柏林为例，二套房税的征收标准是该套住房不算杂费出租价格的5%。 柏林市税务管理部门的新闻发言人卡特琳·比尔维特女士对本报记者表示，二套房税由地方征收，与住户的收入无关。","ch","news"
"中国有两所排名第一和第二的大学，俄罗斯最好的大学排名第三。 巴西和南非的最佳排名分别是第七和第九，印度是第十三。","ch","news"
"编导把所有村屯走遍，这些屯分布在不同的山头，尤其是那些自然屯，只有三四十人。 编导踩点非常认真，一定要选出最贫困、最需要帮助的人。","ch","news"
"第二个赛季，他又帮助特温特获得了荷甲亚军以及荷兰杯冠军的佳绩。 鲁伊斯持续经常的发挥引起了来自英超诸强的目光，北伦敦双雄阿森纳和热刺都对他密切关注，但最终签下他的却是另一支伦敦球队富勒姆。","ch","news"
"国际高尔夫联合会下个月就要出台2016年和2020年奥运会的相关适用标准了，麦克罗伊不得不抢先将他的个人决定公之于众。","ch","news"
"另一个对她产生一辈子影响的人是辅仁大学的恩师顾随先生。 叶嘉莹从书柜中拿出老师当年写给她的信给记者展示。","ch","news"
"据了解，数独运动最早起源于一千多年前的中国九宫格游戏，进入20世纪70年代，现代数独首先在西方国家兴起，在日本定型。","ch","news"
"5月26日，来自全国各地百余位志愿者与红丝带学校师生共进午餐。 5月26日，一名红丝带学校学生用自己的筷子喂食一名志愿者。","ch","news"
"该文件显示，美英两国的情报人员假扮“玩家”，曾渗透入网络游戏《魔兽世界》、《第二生命》中，收集真正电脑游戏玩家的纪录，监视游戏玩家。","ch","news"
"赵丽颖最新大片曝光&nbsp;吉普赛女郎神秘魅惑 “国民甜心”赵丽颖最新《时尚COSMO》服装大片出刊，气质不凡的她演绎炫彩都市女性洒脱自在的云游姿态，以品味与态度凌驾凡俗。","ch","news"
"除了《归来》中的精彩演出之外，闫妮挑大梁主演的黑色幽默电影《疯狂72小时》也将在6月5日全国公映，一悲一喜两种风格不同的作品先后上映，也体现了闫妮身上的无数种可能和最华彩的地方。","ch","news"
"为改善居住条件再次申请商业性个人住房贷款购买二套普通自住房的，无论有无贷款记录，首付比例均不低于50%；","ch","news"
"这其实又岂止是郭沫若一个人的悲剧！ 5、“批林批孔”又将他推上风口浪尖林彪自我爆炸后，毛泽东要发动批林批孔，郭沫若因为尊孔，又成了“革命”对象。","ch","news"
"大国总理的民生情怀点滴涓汇于此。 5月5日，李克强在埃塞俄比亚总理海尔马里亚姆的陪同下，来到中方承建的亚的斯亚贝巴轻轨项目现场。","ch","news"
"在细化管理提高效能上：成立了质量管理领导小组，建立质量责任体系，形成了从服务中心主任到科室、从科室到岗位的技术质量责任网，逐级落实质量管理责任人。","ch","news"
"本届大赛以“畅响声活”为主题，意在告诉青年学生留心生活中的声音，感受声音的魅力，细心聆听生活，用声音承载创意，从而“畅响声活”。","ch","news"
"他认为，争议的范围有待确定，世界卫生组织、联合国粮农组织、美国科学家协会、美国食品药品局等等官方机构都没有争议。","ch","news"
"彭程非常努力，我们合作很开心，两人也越来越默契。 ”张昊赛后进入混合区接受采访时仍然不停地流汗，他一边擦汗一边说：“体力不如以前了，当然还有伤病也影响了平日的状态。","ch","news"
"上清华，变白富美！ 上清华，变白富美！ 上清华，变白富美！ 上清华，变白富美！ 上清华，变白富美！ 上清华，变白富美！","ch","news"
"马利克曾被欧足联指控卷入2009年克罗地亚杯决赛的假球案，但欧足联一直没有对马利克提起诉讼，曾经怀疑马利克参与假球事件的博克斯基后来也被欧足联假球调查组解职。","ch","news"
"因此，尽管他不是球队最高的球员，却每每能够依靠头球得分。 ”不仅在国家队大放异彩，罗德里格斯在俱乐部，也在法尔考缺阵半赛季的情况下，带领摩纳哥闯入下赛季欧冠。","ch","news"
"将形成涵盖内燃动力汽车、新能源汽车和智能网联汽车关键零部件，产业链条较为完备的产业体系。","ch","news"
"几年前，王龙盛的父母相继病逝，他由哥哥照顾。 后来，嫂子被查出患上了重病，他哥哥要照顾妻子，但又放心不下王龙盛。","ch","news"
"她随身带着字典，一有时间就拿出来翻看。 她的业务水平提高得很快，获得了越来越多的好评。 1986年，李瑞英终于以自己的努力调回了北京广播学院。","ch","news"
"第三，互联网在电子银行的资管业务，目前更多的还是在于渠道的冲击和交易方式的冲击。 对于资管业务本身，它还没有体现出来。","ch","news"
"93.7%的在华日企愿意坚守中国2014版白皮书引用日本贸易振兴机构在2013年10至11月针对在华日企今后1~2年的业务发展方向所做的问卷调查结果显示，54.2%的在华日企将要扩大在华业务，39.5%的日企表示维持现状，93.7%的在华日企仍然看好中国市场。","ch","news"
"战俘们睡觉时只能一个紧挨一个，如果出去上厕所回来肯定就没地方了，只能重找一个地方钻进去，战俘们称之为“插萝卜”。","ch","news"
"赛后，金英权又充当起传话人的角色，他第一时间走到卡佩罗跟前寒暄，同时透露这是帮里皮向卡佩罗问好。","ch","news"
"实弹射击中，演习指导部打破以往模式，变固定阵地射击为自主选取阵地射击，从难、从严、从险练兵。","ch","news"
"审计结果表明，农发行积极贯彻落实中央经济金融政策，加大“三农”发展信贷支持，促进粮棉油市场稳定；","ch","news"
"给部队后勤部门如卫生所、炊事班及连队的司号员、卫生员等则配备蒙古军马。 于是战士们把伊犁马称为“老伙计”，而把蒙古马称为“蒙古蛋子”。","ch","news"
"国际射联确认，他们日前收到了世界反兴奋剂机构（ＷＡＤＡ）提供的在“独立个人报告”中涉及射击的三个检测样本信息，经核实在当年录入时已经被确认为阳性，后续处理程序也都已经完成。","ch","news"
"这天夜里，一共抓了七个日本奸细。 这伙人已经活动了好几个晚上，他们在坟后挖个洞，打开棺材，把尸首拖走，白天藏在里面，夜间出来活动。","ch","news"
"在曲阜师范大学孔子会堂内，孔子第79代嫡长孙孔垂长先生与山东省教育厅副厅长宋承祥共同为国学院揭牌。","ch","news"
"此外，学院将在暑期开展足球下乡活动，部分师生将为贫困地区的孩子开展足球培训。 运动医学是成都体育学院的特色专业，学院准备依托此优势编写《足球运动员常见伤病的防治》等书籍，拟在９月份上市。","ch","news"
"无论文化、地域、时代有怎样的差别，婚姻作为一种神圣的制度、一种通向美好生活的安排，都固守了如下美德：情感、忠诚、责任、信任、付出……为了对方的一套房子而匆忙结婚，也能为了购买二套房而弃婚姻纸书如敝履；","ch","news"
"普京表示，全球化应该是所有人的全球化，而不是给选定的人的全球化。 那些自封为冷战胜利者的国家开始改变世界政治和经济秩序，使之服务于自己的利益。","ch","news"
"不过因为有宁泽涛和刘子歌的参加，还是吸引到不少他们的支持者，继续为偶像摇旗呐喊。 宁泽涛在第四项男子100米自由泳的比赛登场，首先迎来的是“粉丝”们此起彼伏的尖叫和欢呼声。","ch","news"
"。 。 在世界杯上的表现大家都看到了。 在这个现象中，只有本泽马和皮尔洛等极少数人幸免。 有意思的是，他俩一个是首次参加世界杯，一个却极有可能是最后一次参加。","ch","news"
"据警方透露，4名“可疑分子”8日在去往瓦加杜古的途中，在距离瓦加杜古145公里的纳济农桥附近被警方发现。","ch","news"
"如能顺利出线，在1／8淘汰赛，桑巴军团将遭遇荷兰或智利的其中一支。 阿尔维斯还提到，巴西球迷对于国家队在本土获得第6个世界杯冠军的热情正在变得高涨，球员们应当有清醒的认识。","ch","news"
"当地村民虽然意识到“为民除害”者未来要受到法律制裁，但也因为警方柔性化的处理，村民也还没陷入过深的纠结，他们只是对未来感到忧虑，有村民跑到村委会提了意见，希望能够帮上忙。","ch","news"
"小雨姐姐的故事会是吸引孩子和家长的地方，大家围坐在一起，安静地听着小雨姐姐那惟妙惟肖地讲故事，不时传来孩子们的笑声和惊讶声，爸爸妈妈们也仿佛回到童年，深深地被故事吸引了，这是一段充满快乐的阅读的时光。","ch","news"
"尤金站的12秒87，在超风速情况下还追平了世界纪录。 刘翔抵达伦敦后的第二天参加了在伦敦南部水晶宫体育场举行的新闻发布会。","ch","news"
"了解情况后，官兵随即帮庞大爷将门牌钉上了门头，看着门上崭新的门牌，庞大爷及老伴难掩心中的激动，不停地向官兵树起了大拇指。","ch","news"
"记者说，是克洛泽挽救了德国队，对于这个说法，克洛泽微笑着说：“今天我们其实是有可能被对手击败的，但是我很高兴取得了进球，我本来是坐在冷板凳上的，但是既然被教练换上场，就应该带来新的力量。","ch","news"
"厄瓜多尔此前3次在热身赛对阵洪都拉斯取得1胜2平，明达轮换格鲁埃索出场。 洪都拉斯用奥斯卡-加西亚替换停赛的帕拉西奥斯出场，克拉罗斯轮换纳哈尔先发。","ch","news"
"而从首轮的表现来看，希腊队本届杯赛再次上演“神话”希望渺茫。 日本队此番巴西之行可谓“来者不善”，球队多名主力出自欧洲豪门，个人能力出众，年龄结构合理，比赛经验丰富，堪称可遇不可求的“黄金一代”。","ch","news"
"考评结果作为社区党组织星级管理、改进工作、评价干部的重要依据。 通过六个缜密步骤，使社区党组织和社区工作人员敢承诺、办实事、抓落实，确保居民的事“件件有着落、事事有回音”。","ch","news"
"她说，自己在Eastbourne住了12年，只见过几只小企鹅。 通常这些企鹅都会躲在房子或岩石下面，直接钻进浴缸的还是第一次。","ch","news"
"新农保和城居保业务系统已分别覆盖全国31个省份的2696、2687个县，均占全国批复县区数的97%。 社保跨地区系统建设迈出坚实步伐，养老、医保关系转移分别已有30个、14个省份的302个和55个地市入网。","ch","news"
"针对群众普遍反映的村务公开不及时、不透明和村务管理“少数人说了算”等问题，健全落实“两委”联席会议，“一事一议”及“四议两公开”工作制度，实现了从“为民做主”到“由民做主”的转变。","ch","news"
"新华社墨西哥莱昂４月５日体育专电（记者胡梓盟禹丽贞）２０１５国际泳联跳水大奖赛墨西哥站５日在莱昂市结束，以新人阵容出马的中国跳水队共收获了５枚金牌、２枚银牌和１枚铜牌。","ch","news"
"听到这些，金一南也很感慨：“我真没有想到，原本为回答自己内心问题而写的书，会受到这么多领导同志认可。","ch","news"
"在协商过程中，充分尊重广大群众的主体地位，保障他们的提议权、参与权、表达权，参会人员具有同等的发言权力，可以充分发表自己的意愿、自由商讨，村干部不能以任何借口去阻碍村民行使权力。","ch","news"
"1927年到1937年，既是近代中国经济的黄金年代，也是知识分子的黄金年代。 只要你不与政府作对，凡是在体制里谋到一份工作，特别在国立大学，收入是非常不错的。","ch","news"
"这条路道金乡境内的时候就好了很多，就是在单县境内不堪入目，期待可以得到政府的重视，小民代表广大的张集-黄堆-金乡人民期待政府的佳音！","ch","news"
"不出意外的话，已经领先第三名上海申花７分、又打进足协杯决赛的苏宁会和恒大一起获得亚冠的直接参赛名额。","ch","news"
"既能有效地划定任意球应放的位置，也能轻松确定防守人墙与足球之间的距离，泡沫喷雾剂广受认可。","ch","news"
"当美国在网络空间放弃自由竞争的基本原则之际，我们不得不遗憾地看到一个曾经的全球大国开始衰落。","ch","news"
"中国共产党的自身建设能否与时俱进，决定着她能否在新的长征路上，为了国家的富强和民族的复兴执着追求、坚定前行。","ch","news"
"”冠军迈克恩威的成绩目前可列今年世界排行榜首位，他说：“我很期待今天的这场比赛，想知道自己到底能游出什么成绩，还想知道我的对手们到底有多强。","ch","news"
"英格兰与乌拉圭队19日在圣保罗的比赛刚一结束，这一巴西最大城市随即爆发骚乱，示威者打砸街边的汽车、商店和银行，并有纵火行为，警方被迫用上了催泪瓦斯。","ch","news"
"下一页 睡觉时不要犯6大禁忌补充阅读：睡觉时不要犯6大禁忌1、枕头过高从生理角度上讲，枕头以8至12公分为宜。","ch","news"
"如何将这帮原本视齐全军为仇人的人拉入自己的战队，在张起淮看来，是最后决胜的关键因素之一。","ch","news"
"“某公司受担保链影响，资金链要断裂了！ ”最近在台州，一条一家企业面临贷款难困境的消息激起千层浪：企业供应商不愿再提供商业信用，要求必须款到才能发货；","ch","news"
"在阿根廷2：1击败波黑队的小组赛首轮比赛中，有伤在身的意甲那不勒斯队射手伊瓜因只得到蘀补上场的机会，但正是他和加戈在下半场的上场，完成了阿根廷队从五人防守到注重进攻的变阵，而伊瓜因也助攻了梅西当场的第二粒入球。","ch","news"
"曼切斯特商学院毕业生刘楷生告诉《国际金融报》记者，“英国的MBA课时比较紧凑，一般只需要一年就可以完成，这无疑降低了学习成本。","ch","news"
"加纳第54分钟追平比分！ 阿富尔右路斜传，安德烈-阿尤力压穆斯塔菲，在门前9米处甩头顶进远角，1比1，他本届世界杯2次打正都转化为进球，是首位在世界杯上头球破门的加纳球员。","ch","news"
"在第一集中有几个很经典的镜头，其中一个最令人难忘。 在乔峰被西夏士兵的箭射中后，他抬起头，立于天地之间，发出了“亢龙有悔”的怒吼。","ch","news"
"王斌指出，对于企业来说，大数据时代意味着对外更强的竞争，对内更有效的管理，对社会是更便捷的服务方式。","ch","news"
"东道主不出意外的话晋级不在话下，不过由于墨西哥的比赛结果未知，巴西即使赢球也无法确保小组第一。","ch","news"
"3月20日，中山边防支队在中山市公安局的配合下，成功侦破省“2014-52”毒品目标案件，抓获涉案人员2名，缴获“K粉”8.5千克。","ch","news"
"随着居民财富的快速积累，保值增值需求愈加迫切，银行存款利息已不能满足投资者的理财需求，财富管理的渠道逐渐多样化，存款“脱媒”效应开始逐渐显现。","ch","news"
"”柯炳生坦言，在转基因问题上他是外行，具体的科学道理他也说不准确，“但是作为中国农业大学的校长，这个问题是回避不开的”。","ch","news"
"“今天拿到了我第一块小银牌，非常高兴。 之前我训练得很刻苦，今天比赛效果不错，说明努力得到了回报。","ch","news"
"此次中吉边检机关联合培训，本着“相互学习借鉴经验、共同提高服务水平”的原则，旨在进一步加强双方业务交流力度，有效提升执勤人员的综合素质，着力增强共同打击非法出入境活动的业务能力。","ch","news"
"本是老帅希斯菲尔德帐下由守转攻任务的关键棋子，但施特克尔既没有边路突破，也没能为扎卡与沙奇里输送炮弹。","ch","news"
"中方是否考虑撤离在伊人员？ 答：6月12日，1名中资公司员工在伊拉克遭绑架。 经各方共同努力，该员工已于近日安全获释。","ch","news"
"比如是要求退房，还是降低房价款，亦或是予以其他补偿及要求，应该提出明确诉求。 商宏冬律师建议业主先选取一个维权方式，诉讼还是非诉讼。","ch","news"
"美容养生：女人这样洗脸才会不长皱纹 原标题：美容养生：女人这样洗脸才会不长皱纹 3、在你的脸盆中放一点醋，可以让你的皮肤变的光滑有弹性，因为醋本身就可以改变我们肌肤的酸碱度，长期用它洗脸我们脸上还不容易长痘。","ch","news"
"据教育部留学服务中心回国处此前提供给本报的数据显示，1978年—2012年底，共有109.12万留学生回国发展，占出国留学人数的72.38%。","ch","news"
"4、实行财政补贴政策。 县财政为全县计划生育二胎的参检夫妇每对补贴240元，实行全部免费检查； 对一胎夫妇遵照参检自愿的原则，每对夫妇收费100元，不足部分由县财政补贴。","ch","news"
"年末企业参加城镇职工基本养老保险人数为30049万人，比上年末增加1778万人。 企业退休人员基本养老金待遇提高，且全部按时足额发放。","ch","news"
"北京时间6月21日零点，巴西世界杯D组小组赛第二轮第二场比赛上演，交战双方是意大利队与哥斯达黎加队，此役如果意大利队无法取胜，同组的英格兰队就将被淘汰出局。","ch","news"
"中国共产党新闻网北京6月20日电(李源)据河南省纪委官方微博消息，河南省开封市第十三届人大常委会秘书长、开封市顺河区原区委书记周丰涉嫌严重违纪，目前正在接受组织调查。","ch","news"
"”事实上，若一切按部就班，她要9年后才踏进大学校园，在这段漫长的成长过程中无论是个人兴趣与体格发展均会有很大变数，其他大学也可能向她抛出橄榄枝。","ch","news"
"该款预告片中，不仅仍未透露演员们饰演的角色信息，甚至连对白也显得耐人寻味，如开头就见钟汉良对冯绍峰与陈柏霖说“你连世界都没有观过，哪来的世界观？","ch","news"
"一个意思是实话，把“史”作孔子的本意讲，也就是“虚浮”—没有个性支持的笔墨都是无根之物，无根之物当然虚浮。","ch","news"
"2014年春天生产。 马伊琍将作为高龄产妇2014年第二次生产。 马伊琍将作为高龄产妇2014年第二次生产。 好莱坞女星梅根·福克斯&nbsp;(Megan&nbsp;Fox)传出再度怀孕的消息，她与丈夫布莱恩·奥斯汀&nbsp;(Brian&nbsp;Austin)&nbsp;正在期待第二个孩子的降生。","ch","news"
"三是画面中气候还很炎热，街上有卖西瓜的。 还有是画里面拿扇子的人多，宋朝时候的人，春夏秋冬都带扇子。","ch","news"
"四、讲奉献，倾真情，以诚挚的关怀温暖育龄群众“为育龄群众倾情服务，让育龄群众放心满意”是市计生服务站全体人员永不放弃的奋斗目标，也是她们持之以恒为之践行的庄严承诺。","ch","news"
"” 央视主持人尼格买提及刘洪悦BTV的一些同事，纷纷转发此微博并进行呼吁。 圈内人：请保护我们无辜的主持人@尼格买提：忍了三年，对一个女孩儿来说压力太大，还伤及家人。","ch","news"
"首战被荷兰5：1羞辱，次战遭南美洲“刀客”智利两球斩落马下，昔日“无敌舰队”西班牙队两战两败告别巴西世界杯。","ch","news"
"关键时刻，彭帅失误增多，史蒂文斯抓住机会以10：8拿下抢七局，并最终以7：6取胜第二盘，将彭帅淘汰出局。","ch","news"
"我想买90平房子，济南却对二套房限购，无法购买，我一直交五险一金已七年。 研究济南户籍政策好像每条都是限制我融入济南这个城市，我的孩子渐渐长大，我们已生活济南九年也买房子了并想继续生活在济南，济南却无法承认我们。","ch","news"
"对违纪违法行为要果断查处，不能捂着盖着，更不能遮掩护短，不管涉及到谁，都要严肃处理，形成有力震慑。","ch","news"
"Expo中国国际动漫游戏博览会官方确认，上海东方明珠索乐文化发展有限公司将于7月10日开幕的CCG Expo 2014中，展出30余款计划于中国发售的PlayStation 4与PlayStation Vita最新游戏作品。","ch","news"
"国美上市公司部分首季度归属母公司净利润同比大幅提升252.6%，至2.68亿元。 在保持盈利能力持续提升的同时，同店销售收入，每平米销售等指标均实现同比攀升。","ch","news"
"北京市气象台预计，今天北京没有雨水打扰，气温攀升快，需注意防晒补水。 北京市气象台发布22日10时至20时降水量（毫米）：全市平均2.8，城区0.2，东北6，西南2.1，西北2，东南1.4，最大平谷北寨56.7。","ch","news"
"而参加半程马拉松赛的选手，有的在沿途也只能捡喝前面专业选手剩下的需泉水。 同时，赛前主办方曾承诺的移动厕所也没有安排，不少选手只能在途中路边的鸀化带解决“内急”问题。","ch","news"
"就在美国队即将以坐拥小组第一的成绩结束比赛时，C罗终于送出了他在本场比赛中最有价值的一脚传中，这脚传中直接助攻巴雷拉头球得手。","ch","news"
"这就是说，面条的营养价值比面包的营养价值高。 不过要提醒的是，面条含有一定量的蛋白质，但它不是优质蛋白质，因为这种蛋白质中缺乏一种十分重要的氨基酸。","ch","news"
"这是两种截然不同的心态。 输给传统强队，不仅自己可以接受，媒体和大众也可以原谅你，毕竟胜败乃兵家常事；","ch","news"
"由于阿根廷队小组赛中的糟糕表现，使人们以为这支阿根廷队难以走得更远，然而正是由于梅西的出色表现挽救了全队。","ch","news"
"9月27日8点10分左右，次永飞在黄的公寓外看见了正准备出门的黄的室友。 次永飞把黄的室友逼回屋内，用脚踹开黄的卧室门，让两名女子都躺在地上，然后把他们绑了起来。","ch","news"
"根据《暂行办法》，如果参加职工养老保险已满15年，就符合领取职工养老保险待遇的条件。 待遇计算是按照职工养老保险的待遇计发办法进行计算，多缴多得。","ch","news"
"近年来，国际奥委会进一步加强了与联合国的合作。 2014年12月，国际奥委会通过了《2020奥林匹克议程》，进一步强调了体育为促进社会变革、发展与和平发挥的重要作用。","ch","news"
"国家发展改革委等6部门联合印发2014年小麦、早籼稻最低收购价执行预案。 中储粮总公司对夏粮收购作出全面部署，保护种粮农民积极性，确保颗粒归仓。","ch","news"
"虽然它在主流教育体制有不可动摇的位置，但没人相信它。 公共舆论的主导权，一直不在国民党那里。","ch","news"
"”制作人表示。 本作的制作阵容相当华丽，除了牧场物语之父以外，由最终幻想作曲家植松伸夫担当音乐制作，口袋妖怪前设计师西田敦子将负责人设。","ch","news"
"”巴洛特利的赛后发言也符合狮子座一贯自信的风格。 狮子座的孩子气也在他身上表现得淋漓尽致，不管是乖张的举止，还是在基辅被西班牙连屠四球的夜晚哭红的双眼，都宣告着1990年出生的他还是一个心思单纯的狮子座大男孩。","ch","news"
"但是，网络空间至今尚未形成完善的国际规则，攻击事件频发，从盗取用户隐私信息、进行网络诈骗，到发动跨国黑客攻击、瘫痪金融交通电力等基础设施运转，各国时刻面临着来自网络空间的安全威胁。","ch","news"
"加强对学生的纪律教育和法制教育，让广大学生明白参与高考作弊对社会、对自身的严重危害性和高度危险性，同时明确了责任追究。","ch","news"
"报告分别以中英文出版，其中中文版全文5万4千余字，由前言和全球战略形势、亚太海洋竞争与合作、网络空间安全新趋势、北极地区开发与合作、太空领域国际竞争、导弹防御发展态势等6部分组成。","ch","news"
"将儿投江后 他想自杀却没勇气郑林说，他到金沙江边后，儿子已然熟睡。 他先是抱着儿子在江边坐了一会，然后就往岸边走。","ch","news"
"随着经济社会的发展，时代赋予体育的内涵与特质不断丰富，中国体育的眼界也不仅是争金夺银，体育产业、体育文化等“软实力”成为衡量体育强国的“硬指标”。","ch","news"
"如果真没有承认，事过之后，内心总觉得有些不安和亏欠。 “文革”当中有许多人，不仅是食言而肥，甚至能够当时说的，马上就矢口否认，用号里犯人经常说的一句话就是“提上裤子就不认账”，这也是能耐。","ch","news"
"而在四川省内，《壮士出川》的成绩则更为喜人。 大结局播出当天，《壮士出川》的单集收视率达到了惊人的8.9%，而收视份额更创下了24.87%的新纪录。","ch","news"
"待哨声响起，这个为足球疯狂的国度，似乎已经忘记之前对政府花大钱办赛事而忽视民生的不满，转而把一切精力都投向了足球。","ch","news"
"公司于1993年1月8日在国家工商行政管理总局注册成立，注册资金12.7亿元人民币。 公司拥有原油、成品油进出口经营权和原油、成品油境外期货业务许可证。","ch","news"
"《外滩画报》为你盘点本届世界杯10位最有型的球员以及他们的日常着装，给你多一个熬夜的理由。 克劳迪奥·马尔基西奥Claudio Marchisio 意大利国家队&nbsp;8&nbsp;号，现效力尤文图斯，司职中场；","ch","news"
"里约州警署高官阿尔齐尔表示，马拉卡纳的安保工作尤其困难，因为球场位于里约市中心，这里聚集的游客总是很多。","ch","news"
"第７８分钟，刘慧婷利用角球机会冲顶帮助主队再次取得领先，重新开球后的大连队趁对方立足未稳，迅速将球送入禁区，宋端停球摆脱射门一气呵成，将比分最终定格在３：３。","ch","news"
"研究发展少数民族大学生入党过程中，民族风俗和宗教对其影响以及如何摆脱民族风俗和宗教束缚是民族高校大学生党建工作的重点。","ch","news"
"半程马拉松赛至少为4个饮料站和3个饮/用水站。 组委会可以根据天气情况多设置一些。 ”据昆明马拉松组委会28日发布的赛事通报介绍：“此次赛事，在赛道起终点、5公里、7.5公里、10公里、12.5公里、15公里、17.5公里、20公里处均设有饮水、饮料站并备有海绵水块。","ch","news"
"无法让我们满意，所以只能又换回了自己熟悉的风格，在这次比赛之前换成现在的曲目。 ”由于新换背景音乐，佟健表示他在比赛之前还是有些担心的，但最终他们成功地完成了整套动作，所以感到很高兴。","ch","news"
"伊朗人隐藏的激情在赛后被彻底点燃。 比赛结束后，德黑兰各大街道沸腾了！ 成群的摩托车轰鸣着呼啸而过，忽视逆行和红灯。","ch","news"
"棋牌运动管理中心党委书记杨俊安则表示，发布会的召开标志着第三届智运会的筹备组织工作已经全面展开。","ch","news"
"在新疆驻京办事处座谈会上，来自回族、维吾尔族、哈萨克族等少数民族代表结合在京生活提出了各自的意见和建议，涉及到社会治安管理、反恐工作等多个方面。","ch","news"
"中国不会“统治世界”。 但它意味着，从根本上讲，当今中国比美国以前遭遇的任何对手都更强大，它比美国以外的任何国家都有着更强烈的地位感。","ch","news"
"他们有意歪曲我的发言，借以反对我国的文化大革命。 有趣的是日本有一位批评家，说我是被迫检讨，要烧自己的书，比二千多年前焚书坑儒的秦始皇还要残暴和傲慢。","ch","news"
"崇礼县黄土嘴村距离县城５公里，往山上走３公里就是当地一家大型滑雪场万龙滑雪场。 作为村里第一批“吃螃蟹”的人，岳志云从２００３年开始经营农家乐，越办越红火，２０１４年他还与别人合作，进行扩容升级。","ch","news"
"在讲话中他说：这些年大家受苦了，因为我们犯了错误。 他接着说：没有不犯错误的人，马克思犯过错，毛主席犯过错。","ch","news"
"五、拟同意开展的6个临时性项目1.中国曲协第六届全国少儿曲艺大赛； 2.公安部全国公安机关爱民模范集体和爱民模范；","ch","news"
"新华社莫斯科７月２５日体育专电（记者栾海）在国际奥委会２４日决定有条件地允许俄运动员参加即将举行的里约奥运会后，俄舆论界继续对与此相关的若干问题进行追问。","ch","news"
"本次赛马比赛共有５支队伍共６８人参加比赛。 选手头戴鸭舌帽，身穿运动背心，一声令下后便策马扬鞭在赛道上飞驰。","ch","news"
"但无论如何，不能坐视首都的马路变成“飙车场”，否则一旦出事，坑了自家也危害别人。 而按照北京现在的执法力量，查处一旦动真格，要抓到他们，想必也不难。","ch","news"
"“被儿子友人求婚的53岁魔女”、“在最爱丈夫遗言激励下重拾青春，常被误认为30几岁的51岁魔女”。 图为拥有两个孩子的43岁的水谷雅子，她的大女儿明年就要满20岁了！","ch","news"
"第二十一条 从事互联网药品信息服务的，应当在其网站主页醒目位置公示互联网药品信息服务备案信息。","ch","news"
"”对此，新疆喀什官方表示，这个假文件的破绽太多，包括其公章没有维吾尔文、公章多了一个“族”字、红头文件格式和字体不对、地州没有部级部门等。","ch","news"
"世界园艺博览会召开在即，九水路街道在此期间周末将取消休息，全体参与执勤工作。 该网友坦言“既然作为公务员的家属，比普通人多付出一些是应该的”，但还是希望政府能给公务员必要的休息时间照顾家庭。","ch","news"
"故事还得从去年说起。 “我在科教频道的一档节目里看到安徽有人养这种蟑螂，说可以吃，可以入药，我就带了几万块钱去学了一星期，花了一万多块买了20公斤种苗回来养，现在这里差不多有10万只。","ch","news"
"我寻思，毛主席对刘少奇产生看法以后就累及了整个的白区地下党。 他可能怀疑白区工作这批干部都是刘少奇这个“司令部”的。","ch","news"
"可是峻青30年代不在上海，他是山东我军的随军记者。 上海解放后峻青是文艺界镇反、肃反时的领导人，也可能是从文艺界有问题的人那里知道江青的事情。","ch","news"
"目前，“互联网＋”与足球的专门融合产品还很少见，不过，体育产业中早已经有了“互联网＋”的影子，可供借鉴。","ch","news"
"但注意睡时不要用被蒙头。 六、洗（搓）脚祖国医学认为，脚上的60多个穴位与五脏六腑有着十分密切的联系。","ch","news"
"据悉，门将卡西利亚斯尽管世界杯表现欠佳，但仍希望继续为国家队效力。 另外，前锋托雷斯也希望继续为国征战。","ch","news"
"“我们30个学生要配备一个助教，我们要做到每一个学生在他的学习过程当中，每门课的学习都要得到充分的关注。","ch","news"
"”本场比赛，日本队的香川真司没有首发，曼联球星在首场对阵科特迪瓦队的比赛中首发出场但表现平平，球队所丢的两个球都和他在边路防守时的失误有关系。","ch","news"
"带着上述热点问题，《证券时报》记者日前采访了京津冀三地的专家学者：国家发改委宏观经济研究院副院长马晓河；","ch","news"
"”在领到奖金的时候，林先生说出了自己的心愿，那就是给希望工程捐款。 “体彩让我中了大奖，我也应该回报社会，捐款50万，就算做点贡献吧。","ch","news"
"丁宁以大比分3：0取胜。 另外的比赛中，女双刘诗雯／朱雨玲受到了混双李晓丹／任浩的强力狙击，打满五局才以3：2艰难取胜。","ch","news"
"俄罗斯队后卫科兹洛夫表示，他很享受在卡佩罗麾下效力的感觉。 科兹洛夫说：“现在这支国家队纪录严明，他的管理非常严格。","ch","news"
"组织者和参赛者都要对生命负责专家介绍，参加马拉松，一定要经过系统的训练； 并且要在身体状况非常好的情况下进行；","ch","news"
"真正的球迷一旦无法在售票处购得球票，只能寻求以比正常渠道票价更高的价格从黄牛手中购买，这些球迷遭受的利益损害恐将被进一步放大。","ch","news"
"第二架搜救飞机也已飞抵事发海域，扩大搜救范围。 美国海军确认已派两艘船驰援，搜救人员将登上三体船检查。","ch","news"
"Ring 还可以用 GPS或 iBeacon来确定用户的所处方位。 如果餐厅、商店提供这些服务，佩戴者可以直接用Ring付款。 不用拿钱包，甚至拿手机都省了。","ch","news"
"六是明确投资经营主体的权利义务。 社会资本投资建设或运营管理重大水利工程，与政府投资项目享有同等政策待遇，不另设附加条件。","ch","news"
"”双人滑夺冠热门、加拿大组合杜哈梅尔／拉德福德则在短节目比赛中使用了一首法语歌，杜哈梅尔特别喜欢其中的一句歌词：“抓住我的手，我们一起飞得更高。","ch","news"
"但这种改革必须从民族地区的特点出发，在党中央的正确指导下，新疆的社会改革坚持的是“慎重稳进”的方针，并取得了重要成果和成功的经验。","ch","news"
"必知！ 12星座女性中医美容养生药膳偏方 天蝎座：敏感、固执、热情、善妒，因而容易遭遇植物神经功能紊乱、失眠等疾病；","ch","news"
"她表示这次角色挑战很大，“要演睁眼的瞎子，其实挺难演。 之前我还一直和导演纠结，觉得闭眼才更像盲人。","ch","news"
"然而，19日在叠彩山脚、漓江河畔的一声巨响，扰乱了山水桂林的这份诗情画意。 19日9时25分左右，桂林叠彩山景区发生一起山石坠落事件，导致4名游客当场身亡，3人送院全力救治无效遇难，25人不同程度受伤。","ch","news"
"全楼共28层224户群众的生命财产安全受到严重威胁！ 5月9日，泽达小区四号楼的业主代表聘请中国人民解放军后勤工程检测中心对四号楼进行检测鉴定，目前鉴定结论已经出台，该房屋已经存在安全隐患。","ch","news"
"鲁尼说：“我想赢得比赛，但是比赛中我被踢倒10次，对方却不会吃到一张黄牌。 英格兰队总是试着‘实诚’地去踢球，但是这也是我们的弱点。","ch","news"
"很可惜这场比赛我们只得到0分，接下里我们要重整旗鼓，我们要努力获得下一场比赛的胜利。 ”记者问拉穆希，这场失利之后，队员们的精神状态如何，他说：“还是很不错的，其实平局是一个更好的结果，但是没办法，这就是足球。","ch","news"
"通过类似光合作用的过程，它可以把织物、墙面和烟雾中释放的有毒物质分解为植物自有的物质。","ch","news"
"毕竟这再熟悉不过的两种角色，都是他在皇马的5个赛季里轮流扮演的。 而在主教练德尚越来越如鱼得水的排兵布阵上，本泽马在场上也不再仅仅作为得分手，而是盘活前场进攻的砝码。","ch","news"
"2013年4月，联合国人权理事会言论自由问题特别报告员拉卢在向联合国人权理事会提交的报告中指出，美国修订“外国情报监控修正案法”，扩大美国政府对境外非美籍人士进行监控的权力，监控内容包括任何利用美国的云服务主机进行的通信。","ch","news"
"讨论时，以专家骨干发言为主，其他培训人员补充，在结合工作实际的基础上，提出科学的分析与合理化的建议，共同探寻解决途径。","ch","news"
"中国坚持走和平发展道路，没有任何理由成为美国打着“反恐”旗号进行的秘密监听的目标。 美国必须就其监听行动作出解释，必须停止这种严重侵犯人权的行为，停止在全球网络空间制造紧张和敌意。","ch","news"
"人民网北京6月20日电（聂丛笑王瑛楠）6月18日，国家审计署发布了2014年第8号公告，公布了5月已办结的35起经济犯罪案和事项处理情况。","ch","news"
"目前已确认洪晟元出生于台北。 警方指出，洪晟元与陈乔治都是凶手的室友，2人身上都有多处遭刺杀的伤口。","ch","news"
"21:44为什么公务员小区一天又一天的过去没交房子啊这到底是为什么啊，上次你又2月底抽签交房子现在准备6月份了还是交不了房子这到底是怎么回事啊。","ch","news"
"哥斯达黎加更是神乎其神，赛前普遍认为会第一个被淘汰的鱼腩逆袭变黑马，再次爆冷以1：0力克意大利队，率先从死亡之组出线，不但教训了蓝衣军团，还隔山打牛间接羞辱了英格兰，将其送回了老家。","ch","news"
"严于律己的董必武，对亲戚、子女同样从严要求。 新中国成立初期，董必武在农村的一些亲友纷纷写信向他提出安排工作、调动工作等等请求，被他一律回信婉言拒绝。","ch","news"
"第二天，一大早就开始卸兵。 八点钟，主舰定远上挂龙旗，准备回航。 十一点半开晌饭，饭菜刚在甲板上摆好，日本船就接近了。","ch","news"
"当晚决出的其他冠军里，上海队的陈欣怡在女子100米蝶泳决赛中，继仁川亚运会后再次力压队友陆滢获得冠军，优势为0．16秒。","ch","news"
"娱乐观众是必然的，怎么会因有负面新闻，就退出娱乐圈，你当我DaDa(陈静)呀？ ”暂别报章专栏，是因他和老婆将赴美国度假。","ch","news"
"不过除了跳海的“动作戏”之外，两人首次合作谈情说爱也大有看点，究竟有怎样的精彩表现，经历了何种恋爱混战，还请期待电影《单身男女2》。","ch","news"
"在三地在协同发展过程中，不能一哄而上、全面开花。 应该有选择、有重点、分步式地推进。 这方面国外有成功经验、也有失败的教训。","ch","news"
"——稳定宏观经济预期。 经济面临较大下行压力，企业经营困难普遍加剧。 保持宏观政策稳定性，有利于稳定市场预期，同时避免“大水漫灌”，精准发力、定向调控，为推动经济结构性改革营造稳定良好的宏观环境。","ch","news"
"二、取得成效（一）解决了居民最关心、最现实、最直接的问题，居民得到了更多实惠。 通过在网格内收集社情民意，并科学决策，促进了全区难点焦点问题的妥善解决。","ch","news"
"为了进一步提高项目的知名度，提出设置地标性景观雕塑的想法。 在中国·亚太农都北门入口处左右两侧，摆放苹果和白菜的巨形雕塑。","ch","news"
"谁来实施政府调控和市场机制协调推动，加快形成新的经济发展方式2014年1月9日，拉萨市政府与北京中地种畜股份有限公司举行了“拉萨中地生态牧场”项目合作框架协议签字仪式。","ch","news"
"6月1日，县文化市场综合执法大队派工作人员将抽样图书送至省扫黄打非办公室进行鉴定，目前正在等待正式鉴定结果。","ch","news"
"2、如果喉咙痛痒，可用热姜水加少许食盐代茶饮用，每日2~3次。 1、每日早、晚坚持用热姜水漱口1次，并每日代茶饮用数次。","ch","news"
"佟健表示，首先肯定是要上学充电，争取尽快过了语言关，然后他们可能会参加花滑教练员裁判员的培训。","ch","news"
"目的是显示美国就伊拉克局势会采取坚决行动。 美国总统奥巴马正研究扩展对伊安全协助各种可能性。","ch","news"
"同时，法院鉴于贝罗佐格鲁是初犯判处其两个半月的监禁可以缓期５年执行。 费内巴切队长贝罗佐格鲁是一名以控球见长的攻击型中场球员，被当地媒体誉为土耳其足球的代表人物。","ch","news"
"历代政治家有成就的，在封建社会前期的，都是法家。 这些人主张法治，犯了法就杀头，主张厚今薄古。","ch","news"
"县教育局和乡中心校的领导去学校检查也知道这种现象的存在，就是没见他们很严厉的处理过，看来能吃空饷的人还是有关系的人。","ch","news"
"德国专家指出，人体免疫细胞的数量随活动量的增加而增加，久坐的人体内免疫细胞减少，大大增加患癌几率；","ch","news"
"此劲爆消息曝光后，网友纷纷坐不住了，齐呼吁郑爽出演，称“还是喜欢翰爽，不要毁了一对大家心中经典的银屏情侣。","ch","news"
"任何当地组织和机构都无权搞“公投”。 举办“6·22公投”实际是香港反对派向中央施压的方式，它追求的是舆论效果，以此在香港社会做一轮对抗中央政府的新动员。","ch","news"
"现在，我们的军费是邓小平愿望的10倍还多。 再用经费不足当借口混日子是不行了。 充足的经费是军队发展的动力，也是压力。","ch","news"
"一个又一个“老虎”被打落马下，证明了中央反腐是“动真格”、“真碰硬”。 苏荣作为十八大以来第一个被查处的国家级领导人，他的落马再一次印证了中央领导集体惩治腐败的坚强决心，也传递出“打虎无禁区”的信号。","ch","news"
"招显聪被一男子扇耳光（视频截图） 招显聪被一男子扇耳光（视频截图）人民网6月20日电 据香港电台报道，4名港人擅闯解放军驻港部队军营案19日在东区裁判法院宣判，带头闯军营的“香港人优先”成员招显聪罪名成立，被判入狱2星期、缓刑12个月。","ch","news"
"路云霏自告奋勇为柳傲天敷药，临上场却又因为伤口的位置暧昧而犹豫不决，于是真情流露的两个人在调戏与反调戏中上演一出甜蜜好戏。","ch","news"
"周迅首亮相大方&#34;谈情&#34;&nbsp;古天乐&#34;傲娇&#34;求抱抱 人民网北京5月28日电（艾雯）由博纳影业集团领衔出品的新世纪华语电影第一品牌最终章《窃听风云3》，5月29日即将震撼登陆全国各大院线。","ch","news"
"在此背景下，京津冀协同发展为保险公司提供了更多机会。 ”“地区集群和经济区各不相同，可能具有各自独特的风险和产业特征。","ch","news"
"人民网5月27日讯据俄新网27日报道，乌克兰政府军在顿涅茨克机场争夺战中再次使用了带有联合国标志的米-24直升机。","ch","news"
"兰德公司卫生经济学家史密斯表示，受过高等教育的人更容易找到好工作，从而为人生做出长期规划，选择更健康的生活方式。","ch","news"
"”合浦县边防大队副大队长黄宝说。 据统计，今年以来，西场镇组织开展“小手牵大手，普法进万家”活动32场次，受教育群众10万人次，由此化解各类矛盾纠纷26起，避免了8起案（事）件发生，实现了法制宣传教育“村不漏户、户不漏人”的效果。","ch","news"
"积极想办法，留住农民工。 2013年四川省首次开展“农民工住房保障行动”，将30%公租房房源定向提供给农民工，这对返乡农民工而言无疑极具诱惑。","ch","news"
"事发前，老师同学也未发现他有任何情绪波动，早一天他还向班主任咨询英语问题。 我们实在想不出他做出此事的理由。","ch","news"
"“越来越多的人意识到与歧视行为作斗争需要的不只是一些肤浅的措施。 改变人的观念和态度需要消除根本上的不平等，”皮莱说。","ch","news"
"“夜间11时到凌晨2时是肌肤的黄金修护期，所以如果熬夜看球错过了这一黄金时段，就会影响肌肤正常的新陈代谢。","ch","news"
"人民币虽然是全球第九大交易货币，但人民币外汇交易占全球外汇日均交易量的比重仅为2.2%； 人民币虽然正成为部分国家多元化储备的选择，但在全球外汇储备中的占比仍很小。","ch","news"
"吴俊宽）在法国队20日在萨尔瓦多新水源球场以5：2的大比分战胜瑞士队后，法国球员难以掩饰他们的兴奋，均对这场比赛的结果非常满意，而瑞士球员也都平静地接受了这一结果。","ch","news"
"2013年7月12日，给予齐德香开除党籍、开除公职处分，并移交司法机关追究刑事责任。 同时，对涉案的该局党委委员、副局长蔡忠勇、任新敏开除党籍、开除公职并移送司法机关，追究法律责任。","ch","news"
"为进一步夯实“牢记强警目标、履行边防使命”主题教育活动基础，谋求更大、更远发展，支队党委把脉基层实际，开出“文化建设”这一剂良药，催化励警、育警、强警的功效，助推支队主题教育活动开展更上台阶。","ch","news"
"除评估委员会成员外，评估团成员还包括国际奥委会工作团队。 评估委员会对候选城市进行实地考察，是奥运会申办过程中一项重要的规定程序，是在其认真审阅候选城市《申办报告》基础上，进行的一次技术层面的考察交流。","ch","news"
"有关方面要密切配合，分解改革任务，明确时间表和路线图，确定责任部门和责任人。 要加强对创新文化的宣传和舆论引导，宣传改革经验、回应社会关切、引导社会舆论，为创新营造良好的社会环境。","ch","news"
"坚强，善良，正义，可爱，美丽。 宣萱相当惊艳的角色，虽无任何过分修饰和装扮，然而却显得这样美丽。 随意的长发，淡淡笑容，有多少人曾为天蓝倾倒，我知我有。","ch","news"
"【王登峰】中考作为“选测性”项目； 高考一是沿用高校高水平运动员招生模式，二是把足球作为综合素质优先考虑。","ch","news"
"落实国家重大公共卫生服务项目。 进一步加强食品安全风险监测能力和重大疾病防治设施建设。","ch","news"
"正是在市场的调配作用下，长三角、珠三角地区出现了大量的产业群落，形成产业之间的内在联系和产业发展氛围。","ch","news"
"”昨日首轮以低于标准5杆的67杆并列第二的三个美巡赛冠军得主查理·霍夫曼当日表现同样亮眼，整轮除了在最后第18洞吞下一个柏忌外，共抓到5只小鸟，两轮结束以低于标准9杆的135杆排在次席。","ch","news"
"“我们有个还款计划列表，详细记录每户贷款到期的时间，大家凑钱还贷。 如果续贷顺利，还能勉强维持，但是如果有两三笔资金续贷不出来，那就没办法了。","ch","news"
"越南不同台湾发展任何官方关系。 中方对越方上述立场表示赞赏。 七、双方同意继续加强在联合国、亚太经合组织、中国－东盟等多边框架内的协调与配合，共同维护和促进世界的和平、繁荣与发展。","ch","news"
"该宅基地宽12.8米，长76米。 2013年工程建设初期，建设方与你签定了租地协议，2014年3月30日，工程建设方再次与你签定租地协议，即你将该地段租给工程建设方使用，租金1万元，押金2000元，租期1年。","ch","news"
"这所有近６０年办学历史的学校地处闹市区，在略显陈旧的教学楼旁边，铺着人造草坪的足球场格外显眼。","ch","news"
"但周涛并没有放下心爱的话筒，在一些大型活动中仍然可以看到她熟悉的身影。 6月21日，第17届上海国际电影节电影频道传媒大奖颁奖典礼举行，周涛担任活动主持人。","ch","news"
"相比之下，长三角三省市体育产业结构尚有较大优化空间，服务业占比较小，和发达国家差距明显。","ch","news"
"而历届世界杯，“不知名”球队爆冷制胜强敌的故事，几乎是不变的主题。 王侯将相，宁有种乎？ 任何一支参赛球队，必然都历经各大洲预选赛的厮杀，即便实力有高低、档次有差别，千里赴会岂能甘愿只做强者的垫脚石？","ch","news"
"此外，在演员选择上要慎重。 作为一部美食题材电影，《舌尖》究竟用什么样的演员合适，非常值得制作方探讨。","ch","news"
"欧洲议会选举结果日前揭晓，英国独立党(UnitedKingdomIndependenceParty，UKIP)以最高票胜出，这是英国100年以来第一次有除保守党和工党外的其他政党在全国性大选中获胜。","ch","news"
"这样自然可以引出“怀疑与信任”的话题，这也是本材料中最核心的立意方向。 顺着这个立意方向继续追问：为什么小男孩会怀疑，而小女孩却充满信任？","ch","news"
"基洛夫之死最广泛的一种说法，是斯大林直接指使的，因为他迅速上升的声望威胁到了斯大林。 其实，基洛夫是斯大林一手提拔的亲密政治盟友，也是斯大林在1926年战胜党内对手季诺维也夫后，在对手势力范围内掺沙子的安排。","ch","news"
"答复意见：网友您好： 现将您的留言处理情况答复如下： 经查，该网友在人民网省委书记留言板反映“卧龙乡白堡村魏金珠非法开书店”一事与5月份一网友在平凉门户网县委书记信箱反映的“卧龙乡白堡村英才书店销售盗版图书问题”系同一事。","ch","news"
"中国独家报道：【甘肃康乐发生一起农用车翻车事故已造成12人死亡】记者从甘肃临夏回族自治州康乐县委了解到，4日14时20分左右，当地发生一起农用车翻车事故，造成7人当场死亡，5人在送往医院途中死亡，另有4人目前在医院接受救治。","ch","news"
"今天，当王诤将军事迹公诸于众时，一个人民之子如在当面。 您出身贫寒。 与千千万万普通中国人一样。","ch","news"
"2012年共依法办理离婚手续的有310.4万对，粗离婚率为2.3‰。 到2013年，粗离婚率数据已经高达2.6‰。 有专家认为，离婚率和经济社会发展水平、社会开放程度呈正相关，未来中国的离婚率将继续上升，并处于“高位运行”状态。","ch","news"
"根据队员自身不同情况，她来制定不同的训练计划和生活内容。 采访过程中，有墨西哥跳水队员家长迭戈走过，跟记者用中文打招呼。","ch","news"
"而二、三流大学永远只能在重点大学挑肥拣瘦后吃点“剩食”，至于一些偏远高校和农林院校甚至无人问津。","ch","news"
"批评出于公心、多点辣味，才能发现真问题。 第二批活动在市县及以下基层单位开展，人际关系更为复杂，亲属圈、朋友圈、同事圈相互交织，大家相互熟悉，无形中增加了开展批评的难度。","ch","news"
"在决胜局里，马福林本以４７:９领先，然而关键时刻马福林却出现失误，塞尔比单杆５６分再次占得先机。 此后两人围绕台面上唯一一颗红球做斯诺克，马福林连续三杆解球失败共被罚１７分，只得拱手交出球权。","ch","news"
"她爸爸说：“我现在还不敢滑高级道，但孩子学滑雪真快。 花几千元，让孩子学会滑雪，拥有一个运动健康的人生，很值。","ch","news"
"清朝中央政府曾在这里设立首座驻藏大臣衙门，供驻藏大臣办公和居住。 由于驻藏大臣可以从大院南楼的窗户近距离欣赏八廓街的繁华景象，因此这里被称为“冲赛康”，意为“可以看到集市的房子”。","ch","news"
"如今，国足教练换成了佩兰，但谁知“法国教科书”能在中国发行多久？ 近年来，不计其数的有识之士强调青训对足球可持续发展的要义，而德国在这一领域完成得尤为突出。","ch","news"
"一方面，要从广度和深度上推进市场化改革，以更好发挥市场作用的功能和长处，增进社会经济活力和效率，激发各方面的积极性和创新精神。","ch","news"
"”却留下伏笔：“有的话再告诉你。 ”《好声音3》宣传总监陆伟则说：“没有这回事，一切顺利，都很正常，导师也都拍了宣传片。","ch","news"
"在拥堵的城市道路上可能还感觉不到巴西司机尤其是年轻人手握方向盘时的争强好胜，但一旦进入城际快速路，你就是电影《生死时速》的群众演员。","ch","news"
"不难发现，“产业融合”是上述表述中的关键词，而关于产业方面的融合，记者的脑子里很快冒出了一个当前颇为流行的新词汇——“互联网＋”。","ch","news"
"（二）销售处方药、甲类非处方药的，建立执业药师在线药事服务制度，由执业药师负责处方的审核及监督调配，指导合理用药；","ch","news"
"将专题研讨会设为各级例行议事日程，在制度制定、程序规范上保证研讨会的长期深入开展。 经过良好的座谈交流，研讨活动各类事项，深入了解官兵的思想、生活、工作需求，在活动的起始点、过程中不断彰显人文关怀。","ch","news"
"”湖北筝辰律师事务所副主任於强律师认为，如果球迷在本溪体育场的官方正式售票点购买球票后出现临时“涨价”的情况，那就意味着俱乐部存在“毁约”行为；","ch","news"
"由于OIE通过特别工作组会议和科学委员会会议等对该提案做出了肯定评价，因此韩国有望恢复“接种疫苗的无口蹄疫国家”地位。","ch","news"
"“天花板”干部现象调查（1） “天花板”干部现象调查（1） “天花板”干部现象调查（2） “天花板”干部现象调查（2）这项调查指出，一些仕途升迁无望的官员，会出现自暴自弃、得过且过，甚至抓紧机会贪污腐败等心态，对官场造成危害。","ch","news"
"荷兰名帅范加尔世界杯后将执教曼联。 一朝天子一朝臣，已有费莱尼将离队的消息。 这次世界杯上的进球，无疑有助于其说服范加尔让他继续留在曼联。","ch","news"
"毛泽东对江青说：历代政治家有成就的，在封建社会前期有建树的，都是法家。 这些人都主张法治，犯了法就杀头，主张厚今薄古。","ch","news"
"所谓转，就是转变发展观。 要打破“一亩三分地”的思维定式，不能将眼光仅局限在本省、本市范围内。 以前搞建设论发展，是“自种自家田”、“自种自收”，今天则要求我们的发展思路要优势互补、合作共赢。","ch","news"
"在全国范围内开展了清理整顿人力资源市场秩序专项行动，共检查职介机构和用人单位15.5万户次，查处违法案件8915件，其中取缔非法职业中介活动2813起，吊销许可证51件、吊销营业执照35 件。","ch","news"
"我刚才跟你所说的一系列措施，为了节省时间，你都可以在网上查到，这就是我们治理的决心、措施和未来能够见到的效果，欢迎大家对我们进行监督。","ch","news"
"到目前为止，本届世界杯已经打入６０粒进球。 球员进球后的庆祝方式各有创意，其中一些经过了事先精心准备，另一些看上去更像是临场发挥。","ch","news"
"来源：《全球化》 2014年第4期 使用微信“扫一扫”功能添加“党员学习微平台” 使用微信“扫一扫”功能添加“党员学习微平台”","ch","news"
"要知道，本届世界杯先失一球而后反超的球队可都赢下比赛，而荷澳两队的前3次碰面，笑到最后的都是澳大利亚。","ch","news"
"当晚，受省委书记尤权、省长苏树林委托，省委副书记于伟国代表省委、省政府对林军主席赴闽表示欢迎，对中国侨联给予福建侨务工作的有力指导和大力支持表示感谢。","ch","news"
"水手??褂，边上带云字，级别以袖口上分：炮手是一条金色龙;管带、大副、二副都是二龙戏珠，但珠子颜色。","ch","news"
"如果思想观念还停留在过去，就会落后于时代。 只有掀起一场“头脑风暴”，才能掌握开启未来之门的“钥匙”。","ch","news"
"他们应该在庆祝中加入更多动作，尤其是具有喜剧元素的动作。 球队创造射门机会不易，进球更难。","ch","news"
"”谈及小组最后一战对韩国，阿扎尔说，“我们肯定会力争三连胜！ ” （完）2014/06/23 04:54更多精彩内容，点击进入：比利时VS俄罗斯比赛专题热点聚焦：·威尔莫茨换人再收奇效 比利时主力低迷恐难走远·完美10分钟救欧洲红魔！","ch","news"
"千亿斤项目还未全面完工，水泵安装等工作还未完成。 水泵是国家配套设施，目前水泵已到位，近期施工队将赴村进行安装，村两委并未向群众再收取任何费用。","ch","news"
"三是整合管理平台。 支队在党员管理方面，依托组织实力统计系统，建立党员信息数据库，提高管理的规范性、科学性；","ch","news"
"CBA联赛办公室负责人在接受新华社电话采访时则表示：“CBA联赛球票价格由各俱乐部根据市场情况进行定价，联赛方面对此没有相关规定。","ch","news"
"”随着小组赛第一场与伊朗的平局，尼日利亚队的小组出线形势开始变得艰难，若不能在本周六21日的比赛中战胜波黑队，尼日利亚队的世界杯征程将早早结束。","ch","news"
"加上20日晚发出的声明（已被删除），俱乐部两份声明的核心内容都是球票涨价目的在于打击黄牛市场，保障球迷权益。","ch","news"
"跟2013年同比是从26%点几下降到6%点几。 全国这个下降速度还是比较大的。 利用外资、其它资金也都是同比下降的比较大。","ch","news"
"家里的经济条件难以承受小梅西的治疗费用，幸运的是，他被巴萨球探看中，2000年9月，年仅13岁身高只有140cm的梅西去了巴塞罗那试训。","ch","news"
"此外，业主提及的销售人员宣传中一再提示“史家小学学区房”这一说法，需有具体证据支撑，否则认定起来稍显困难。","ch","news"
"辽宁：涉恐涉暴案件举报最高奖励50万报道时间：2014年5月奖励办法：根据线索的作用、效果等进行等级评定，并给予相应奖励。","ch","news"
"而今天，陈云峰也用自己的统计表达了：一个家庭的未出生或已经出生的“宝宝”们，目前也成了北京房地产的新“刚需”。","ch","news"
"本次比赛由中国田径协会、山东省体育局、临沂市人民政府主办，临沂市体育局、兰陵县人民政府承办。","ch","news"
"这些戴着沉重的死镣、死铐的待决犯分到各筒，在放茅（上厕所）和放风的时候，他们沉重的铁镣在“K字楼”的水泥地板上拖出巨响，仿佛在过坦克车。","ch","news"
"推动以生产经营活动为主的转制科研院所深化市场化改革，通过引入社会资本或整体上市，积极发展混合所有制，推进产业技术联盟建设。","ch","news"
"D组的意大利四获世界杯冠军，乌拉圭则两获世界杯冠军。 穆里尼奥说，无论在分组上还是比赛进程上，英格兰均十分不幸。","ch","news"
"于是决定再造一幅更完美的《清明上河图》。 他组织了五位画家，对画作进行了临摹创新。 新的《清明上河图》画面清晰，色彩艳丽，画面结构和其中某些人物的姿态与原作相近，推测画家们事先是见过与原作相近的摹本的。","ch","news"
"展望里约奥运会，国家体育总局举摔柔运动管理中心副主任薛炼对中国的大级别６９公斤级和７５公斤级寄予夺牌甚至争金的期望。","ch","news"
"曝光文件显示德国、韩国、日本等多国被大规模监听，美欧国家的情报机构正在联手对互联网和电话通信展开大规模监控，严重威胁世界各国网络安全。","ch","news"
"”据了解，联合国难民署解决难民困境有三个方案。 其工作之一就是为被迫流离失所者寻求永久解决方案。","ch","news"
"约克角原住居民代表玛莎·克瓦塔在布里斯班联邦法庭外。 自澳大利亚联合新闻社 约克角原住居民代表玛莎·克瓦塔在布里斯班联邦法庭外。","ch","news"
"有外媒评价道：“新版《哥斯拉》最值得关注的不是它的明星阵容，不是哥斯拉的造型，而是导演加里斯·爱德华斯。","ch","news"
"比普通攻击道具更为霸气的则是超级攻击技能，其攻击效果更为强大，且没有攻击次数限制，但该技能会随着玩家死亡而消失。","ch","news"
"我们看到的那些小景，只是画家偶然得之于自然的只鳞片爪。 正是在自然的蒙养中，画家的内心世界日益开阔和自由。","ch","news"
"第三十一条 食品药品监督管理部门进行监督检查时，第三方交易平台经营者应当积极配合，在信息查询、数据提取、违法信息屏蔽、停止服务等方面提供必要的技术支持。","ch","news"
"连续8年年生产稠油200万吨以上，其中2000年生产稠油274.6万吨，占克拉玛依油田年产油量920万吨的29.8%，累计生产稠油2545.9万吨，取得了巨大的经济效益，成为新疆石油工业持续发展的重要支柱之一。","ch","news"
"吴俊宽两场比赛三个进球！ 要不是对阵瑞士最后一个进球因为时间关系被吹无效，还罚丢一个点球，一个对阵洪都拉斯的进球被判给了对手“乌龙球”！","ch","news"
"考区设若干考点。 考点设主考1人、副主考若干人，每个考场内配备2名（含）以上监考员，考场外设若干流动监考员。","ch","news"
"这个电影上来就是摆在主人公和观众前面的一道伤痕，它要完成愈合，而不是继续撕裂。 女儿说是她告的密，我为什么处理成头都不回一下？","ch","news"
"全国500强企业的入围门槛也逐步提高，2013年达到198.7亿元，较2008年提高了一倍。 入围全国500强企业中，营业收入500亿元以上的企业数由87家增加到215家，1000亿以上的企业数由46家增加到123家。","ch","news"
"在积极扩张战略下，部分企业上半年债务融资规模较大，后续偿债压力如何舒解？ 击鼓传花的风险如何防范？","ch","news"
"这种开放并非一蹴而就。 ２０１３年底，中宁县针对群众反映强烈的体育设施开放问题展开调研。 “随着地价上涨，在城市居民聚居区新建体育场馆和设施成本较高，而学校现成的设施一到学生放学和节假日就形成闲置，”中宁县教育体育局局长王玉泉说。","ch","news"
"第69分钟，许尔勒右路反击横传，格策左侧横拨距门13米处推射被挡出底线。 第72分钟，胡梅尔斯与埃德争顶落地时受伤，被搀扶下场。","ch","news"
"对此他说：“在这种情况下，我们已经尽全力了，我们并没有轻视这场比赛。 ” 普兰德利：并未轻视对手&nbsp;对于失败我们无话可说","ch","news"
"对吃方便面致癌说，国家食品安全风险评估中心研究员钟凯指出：谷物类制品中较典型的潜在致癌物是丙烯酰胺。","ch","news"
"做大做活做强体育，仅靠政府相关管理部门已经力不从心，必须考虑如何将社会力量和市场活力充分释放。","ch","news"
"不过荷兰队有球星，在关键时刻可以展现个人能力，比如范佩西的进球，包括最后一脚远射。 在世界杯赛场中，荷兰队球员的天赋会更好一点，澳大利亚队更多表现的是对比赛的执著。","ch","news"
"经区交通局查实，目前，地铁2号线东延线正在加快建设，预计2014年10月建成通车。 为方便同安阳光城等周边街镇居民搭乘地铁，区交通局委托西南交大正在组织研究以地铁2号线东延线终点站（音乐广场站）为重点的交通；","ch","news"
"实现与学校岗位聘用制度的有效衔接，中小学幼儿园教师职称评审在核定的岗位结构比例内进行，不再进行岗位结构比例之外、与岗位聘用相脱离的资格评审，实现中小学幼儿园教师职务聘任和岗位聘用的有机统一。","ch","news"
"这枚原本应为3先令的“黄色3先令”错版邮票是瑞典1855年印刷的，首次使用是在1857年。 正常的3先令邮票当时应为绿色，但这枚邮票被错印刷成了黄色，而黄色是当时8先令邮票的颜色。","ch","news"
"1997年，艾山·买合苏木逃往正在内战中的阿富汗，并以这里为基地，继续招募人员进行恐怖训练。 记者：那你当时是怎么出去的？","ch","news"
"“在每个项目上我们都有可以倚重的重点队员，”他说。 在4年前的伦敦奥运会上，俄罗斯体育代表团派出了436名运动员参赛，最终在奖牌榜上位列第四。","ch","news"
"本届世界杯预选赛中，科斯特利表现神勇，一共打进五粒进球，帮助洪都拉斯成功进入世界杯决赛圈。","ch","news"
"但齐全军并不知道的是，河南航空的安全保障跟深航完全不是一回事。 “河南航空虽然是深航控股，但是深航对其安全运行所需的资金和技术支持一直不够，注册资本也一直没能到位。","ch","news"
"三是重视培养学生的人格品质。 语文老师要有社会责任，要有崇高的使命，那就是要思考培养什么样的人。","ch","news"
"据该妇女丈夫刘先生称，他来自四川巴中，妻子付女士今年35岁，来自湖南常德，妻子手上抱的是他们刚满1岁的女儿，妻子肚子里还怀有2个月的身孕。","ch","news"
"”她在赛后透露了一个秘密，这首歌是他们的“幸运歌”，自从使用这首歌伴奏，他们抛跳动作竟然就没有失败过。","ch","news"
"但人人都是兴奋的。 在北京翠明庄招待所作短暂停留的胡济邦忙里偷闲，为中华全国总工会翻译了《苏联总工会关于工会组织工作的各种决定》等大量文件，为新中国的工会建设起了关键的作用。","ch","news"
"当然，新媒体时代的俱乐部在经营方面也有主动作为的空间，相比高昂的转会费，在新媒体上展示、推广球员并不需要高额的花费。","ch","news"
"第一次参加《第一书记》，她感触特别深，“因为我自己也有孩子，我觉得做慈善是一件非常有意义的事，这次来参加节目太感动了，边看边流泪。","ch","news"
"这7年间，朱明国多次强调反腐倡廉的重要性。 2010年，他在南方日报发表署名文章《新加坡为什么能做到廉洁高效》，文中称，“吏治腐败是危害最大的腐败。","ch","news"
"看完报道真是好笑，我问他怎么滑水滑到去尖沙咀啰！ ”问到为何未有所出，怕不怕被误会不育？ 她笑说：“不用怕，其实现在好多人都不生。","ch","news"
"我认为这是一个公平与否的问题。 ”（完）2014/06/23 02:41此稿为新华社体育专线稿件，严禁转载。 更多精彩内容，点击进入：荷兰VS智利比赛专题荷兰和智利已提前突围，智利火枪手能否击退荷兰保持小组不败？","ch","news"
"当天晚些时候，闻讯赶来的市民用毛巾将企鹅救出浴缸，然后用垃圾桶将这只小家伙送到海滩放生。","ch","news"
"离地三尺的空军1973年10月，我们一行百余名陕南青年被批准入伍，跟着接兵的军队干部登上了西去的闷罐子列车。","ch","news"
"这种行为悍然违反国际法，严重侵犯人权，危害全球网络安全，应当受到全世界的共同抵制和谴责。","ch","news"
"广东省公安厅今天上午召开新闻发布会通报称，截至6月13日，全省公安机关共侦破赌博刑事案件1651宗，查处赌博治安案件28715宗，抓获违法犯罪嫌疑人58154人，其中行政拘留处罚49675人，刑事拘留6604人、逮捕2798人。","ch","news"
"取得食品、保健食品、化妆品、医疗器械生产许可或者备案凭证的企业，可以通过互联网销售本企业生产的产品。","ch","news"
"如果再说的客观一些，那么应该说，强弱易位，新老交替，具有必然的规律性。 冠军并不容易卫冕，强大并非不朽，纪录就是用来被打破的，“第一”那个位置就是要被他人追赶、超越的。","ch","news"
"随后，洛阳市纪检委成立专案组介入调查。 经查，确定网帖中的当事人为汝阳县人大常委会党组成员田汉文。","ch","news"
"她着重赞扬了医院的感染监控预警系统、医联体信息系统、PACS系统以及医院CDSS的构建，“北大人民医院的医疗信息化系统，在很多方面做出了创造性设计，甚至超过了美国的同等级的医院。","ch","news"
"法新社的报道称，从埃及军方去年7月推翻穆尔西政府之后，该国混乱局势已导致超过1400人死亡，至少15000人入狱。","ch","news"
"即便他出场，身体状况是否会影响发挥也成为疑问。 首场遭遇０：４惨败后，葡萄牙的处境可谓窘迫，世界杯之路并不光明，如果再输美国队，无疑就是出局。","ch","news"
"国际原油价格于2月中下旬开始震荡下行。 由于上一轮调价搁浅，本轮计价初期一揽子原油变化率即位于负向运行。","ch","news"
"13日，他们又赶到合生集团所在地，合生当日承诺帮今年上学的5个孩子联系乔庄小学，老窦就是五位家长之一，她说按指定时间去了乔庄小学报到，校长称未接到任何通知，没有接收。","ch","news"
"这不要紧，这就要加强学习。 这就好比，我们都是要去天安门，有的人走得快点，有的人走得慢点，但大目标是一致的。","ch","news"
"许家的女佣人叫秦桂贞，和蓝苹同岁，都是1914年出生。 蓝苹那时只是个二流演员，演个配角，薪酬不多，生活拮据。","ch","news"
"不过，美国外交关系委员会主席理查德·哈斯认为，无论美国是直接袭击反政府武装，还是给伊拉克政府提供更多援助，都不能成为影响当地局势的决定性因素，因为外部干预不能代替内部解决方案。","ch","news"
"中国总部经济蓝皮书主编、北京市社会科学院副院长、中国总部经济研究中心主任赵弘研究员认为，我国总部经济发展还存在许多不足之处，主要表现在三个方面：一是国有企业总部多，民营企业总部少。","ch","news"
"７６岁的钦宽塔在２６日的新闻发布会上对北京申办冬奥会三缄其口，他说：“我知道国际奥委会评估团正在北京考察。","ch","news"
"到监狱后，峻青问这是为什么？ 没有人来回答，也再没有人来审理、会见。 时任上海作家协会主席的峻青就这样不明不白地关进了监狱。","ch","news"
"杨荣荣从南非到巴西，世界杯４年的时间可以改变什么呢？ 桑巴军团依旧缺少顶级中锋，英格兰依旧赛前“三狮”赛后“三喵”，Ｃ罗依旧在等待靠谱的队友出现。","ch","news"
"从经济亮点看中国信心——当前经济形势述评之一在国内外复杂形势下承压已久的中国经济，三季度一些持续回落的关键指标出现了反转向好。","ch","news"
"他说，在2015年市场数据中，旅行社组织的游客数量在全部国内旅游市场份额中只占不到3%，绝大多数游客更青睐自由行。","ch","news"
"于是，这支共和国最后的骑兵部队，走完了她历史的最后一站，这个古老而又辉煌的兵种永远告别了当代军事序列。","ch","news"
"一位70年代参加《辞海》中国古典文学条目修订的学者回忆，他听复旦大学教授刘大杰说过：“毛主席之所以有扬李抑杜的想法，那是因为前人对杜甫的诗注家太多，号称‘千家’；","ch","news"
"小泽征尔2011年曾计划到中国演出，但因健康原因未能成行。 小泽征尔在采访中称，自己在中国有很多包括音乐家在内的很多朋友，希望将来有机会到中国表演。","ch","news"
"过去的一年多时间，我们看到更多人开始关注冬季项目，冬天有更多孩子来滑冰。 ”杨扬说，“如果我们最终承办2022年冬奥会，我们有这样的实力，以及我们负责任的态度，会呈上一届非常出色的冬奥会，中国的冬季项目也会有一个飞跃式发展。","ch","news"
"其中，中文在线的保荐机构为西南证券，派特罗尔油田服务的保荐机构为中信建投，吉林省西点药业的保荐机构为银河证券。","ch","news"
"”娃哈哈相关负责人回复《法治周末》记者时称：“国家此前出台的相关规定，针对的是涉及饮用水卫生安全产品的标签及说明书要求，这里涉及的饮用水卫生安全产品指的是饮水机、净水器等。","ch","news"
"记者就此采访了景区工作人员，得到的回复是，连日阴雨与潮湿的气候或许是山上坠石的诱因之一。","ch","news"
"恭喜他们即将步入婚姻的殿堂。 高圆圆赵又廷相恋两年备大婚？ 经纪人承认/图 网曝高圆圆与赵又廷婚纱照","ch","news"
"此外，自收自支事业单位和全额、差额拨款事业单位之间的工资分配水平差异也比较大，业内分析认为，主要原因是事业单位没有严格执行相关工资制度改革办法。","ch","news"
"作为京沪网约车细则的上位法，查阅最新修订的《北京市出租汽车管理条例》和《上海市出租汽车管理条例》可以发现，有明确规定，出租车驾驶员必须具备有本市常住户籍或户口。","ch","news"
"北京法拓律师事务所律师刘昊说，根据现有情况，加拿大籍游客是否存在放任、间接故意等行为很难判断，确实不足以判定为构成刑事犯罪。","ch","news"
"”提起张丽萍，她的“兵”们一脸自豪。 张丽萍用她的言传身教为街道培养了一批社区管理人才。 张丽萍以党员的先锋模范作用，在社区内树起了一个标杆。","ch","news"
"已按照有关规定公开招聘了工程监理公司； 正在组织人员重新核定项目工程量，按照有关规定招标工程施工公司。","ch","news"
"在“花蝴蝶”坎波斯之后，墨西哥再出神奇门将。 墨西哥向来是巴西的苦主，2012年伦敦奥运会男足决赛，“仙人掌军团”就踩着桑巴军团2：1登顶成功，过去15年是战胜巴西次数最多的球队。","ch","news"
"尤其是人大代表，他们是人民选举的代表人民利益说话的代言人，既有义务也有责任参与信访工作，一是主动代表民意反映诉求，这在发达国家和地区，是代表必须履行的职责，人民有诉求就应该找“民意代表”代言；","ch","news"
"吴奇隆饰演的犀利仁师柳傲天为保护学生受罚，弘文学院也被迫关闭，但逆境却让两人的感情更加热烈。","ch","news"
"原标题：全球关注中国经济热点之二：人民币近期贬值不足忧新华社记者近期人民币对美元汇率持续下行，中间价接连刷新6年低点，引发市场对人民币单向贬值的担忧。","ch","news"
"最后一球，与其说是美国人放松了警惕，倒不如说上帝给葡萄牙队的回光返照。 这场平局意味着，他们要在最后一轮与同积1分的“黑星“加纳，殊死拼杀一个出线的可能。","ch","news"
"被上诉人商标评审委员会认为，乔丹体育股份公司在宣传中并未刻意将品牌与乔丹本人相联系。","ch","news"
"得知试验区成立8个月来，已聚集1.6万多家投资企业、28万从业人员，在形成更加开放透明的投资管理制度、提高贸易便利化水平、深化金融制度创新、推进政府管理改革等方面取得积极成效，初步形成30多项可复制、可推广的改革事项，习近平很高兴。","ch","news"
"”苑里小学六年级学生吴沛缇告诉新华社记者。 苑里小学和新港中学都是苗栗县具有排球运动传统的学校，并曾在校际联赛中获得好成绩。","ch","news"
"而目前已过了半年，累计销量却不足30万辆，而在哈弗H8再度延迟交付之後，长城汽车今年的销量前景并不乐观。","ch","news"
"张向东表示：MMO收入的增长以及平均月度活跃用户数的提升，体现了公司游戏品牌的强大以及现有产品在推出新内容时对用户的吸引力。","ch","news"
"二、内马尔被称为“巴西杀马特”的内马尔，古怪、另类已然成为他的代名词。 在揭幕战中独中两元为巴西队取得“开门红”后，内马尔以全新的发型亮相训练场。","ch","news"
"中国藏文化交流团在新西兰期间还到访了奥克兰大学孔子学院，并与新西兰学者和学生针对中国民族政策对宗教信仰自由以及对西藏宗教文化的保护等方面内容与大家进行了广泛的交流。","ch","news"
"2008年9月至2008年12月，国家行政学院省部级英语强化班学习； 2009年3月至2011年1月，中央党校研究生院法学理论专业学习；","ch","news"
"双方的实力和状态都明摆着。 论综合实力，英格兰要高出哥斯达黎加至少一个档次，但后者的状态奇佳，小组前两轮已经证明了。","ch","news"
"新华社北京6月18日新媒体专电题：“变了味”的国学为何大行其道？ 新华社“中国网事”记者刘晓莉9岁女童在北京市顺义区一国学班内学习遭遇虐待事件，让人们再次重新审视“国学热”。","ch","news"
"在如此肥沃的足球土壤中，本届世界杯的举办定会让巴西足球百尺竿头更进一步。 而我们呢？ 在有关巴西世界杯的“看球”热潮过后，一切似乎又重回“正轨”：该学奥数的学奥数，该练钢琴的练钢琴。","ch","news"
"他们缺少个人魅力，不懂得包装。 很难想象刚才吕行长能够穿着黑T恤跑上来，聚光灯一打，他举着手一喊，像明星一样，他做不到的。","ch","news"
"加强对党的组织纪律、工作纪律等各项纪律的执纪检查，增强党员干部的组织纪律性。 二是落实中央八项规定精神。","ch","news"
"氧含量过高，会对水中的一些化学物质造成氧化，使水中一些有机物失去活性，从而对人体产生副作用。","ch","news"
"与此同时，杜修贤的镜头见证了林彪等人在庐山的“精彩”表演； 聚焦了邓小平三起三落的不平之路；","ch","news"
"”平常我在家负责煮饭、接送小孩，分担家事，惠嘉也不太干涉我，我们经济不够宽裕，所以我也不太愿意进城。","ch","news"
"除此之外，荣智健还持有超过一成的中信泰富股权，而荣智健长子荣明杰至今仍是中信泰富的执行董事。","ch","news"
"这种现象让中国媒体无奈，外国媒体同样头痛。 《纽约时报》的一份创新报告透露，电影《为奴十二年》获奥斯卡奖后，纽约时报在社交网站发布了161年前刊登的一篇关于电影主人公原型的报道。","ch","news"
"四是联动服务。 卫生、民政、妇联、残联等相关部门全力配合，促进工作顺利开展。 比如：各乡镇民政局与计生系统联合办公，将办理结婚证服务重心前移；","ch","news"
"影响了城市建设 扰乱了社会秩序 增加了社管成本（据警方起诉意见书）回应 官方称已调查 至今尚未有结果作为当事者之一，被偷拍者县长陈虹对此有何看法？","ch","news"
"可以看出，刚吃过荔枝的确会测出酒驾。 “荔枝含糖量很高，在微生物的作用下，糖分发酵、分解，从而产生了酒精，就像是喝酒一样。","ch","news"
"欢迎广大群众予以监督，如有具体相关线索，可向海盐县教育局反映。 谢谢您的留言。 【网民留言】温岭市域东街道三改一拆，为什么大江企业非法多占违章建筑187.平方，东边没有消防通道和防火间距，从2011年6月到现在都没有拆除，三改一拆到底拆什么？","ch","news"
"除男、女分组赛外，赛会组织者还安排了全民参与的迷你马拉松赛和残疾人轮椅马拉松赛。 今年共吸引了约3．5万名长跑爱好者和专业田径选手参加。","ch","news"
"我只是享受游泳，”哈克特说。 霍顿对前辈哈克特充满敬意：“我记得非常清楚，在我８岁时，我和哈克特在泳池边合影，这让我开心了很久。","ch","news"
"他建议，爱美的女性朋友选择这种美容方式需要谨慎，如果选用的蜗牛不干净或者携带有寄生虫、细菌等，很可能导致一些其他的皮肤问题。","ch","news"
"招显聪被一男子扇耳光 招显聪被一男子扇耳光人民网6月20日电 据香港电台报道，4名港人擅闯解放军驻港部队军营案19日在东区裁判法院宣判，带头闯军营的“香港人优先”成员招显聪罪名成立，被判入狱2星期、缓刑12个月。","ch","news"
"专业方面，没有专业级差，在一批次的六个省，都按本省的要求，实行平行志愿，在综合评价四个省市是梯度志愿。","ch","news"
"本届世界杯厄瓜多尔身处E组，他们将与瑞士，洪都拉斯和法国争夺小组出线权。 （本图片均为Osports全体育 严禁转载） 酒店餐厅干净整洁 酒店风光秀丽人民网北京5月28日电（杨磊） 随着世界杯的日益临近，厄瓜多尔国家队的世界杯驻地曝光。","ch","news"
"”吴薇薇通过社交工具告诉《国际金融报》记者，她和这边的中国留学生们最近都非常“纠结”。 事实上，最近英国大学的排名不仅仅让学生焦心，更让不少英国教育界人士担忧。","ch","news"
"你在创造纪录的当时，可能没有觉得多么重要，多年之后你才会发现你当时是多么的伟大。 ”贺炜说，“混凝土链式防守是瑞士人发明的，不是意大利人发明的，但是显然这一次瑞士人的混凝土是豆腐渣工程。","ch","news"
"实际上，这输掉的不仅是一场比赛。 如果说中国男足的输球令人对当前这支国家队绝望，那么国青这样的失利则令人不敢对未来抱有更多希望——至少在这个年龄段上，中国队又一次全面落后于亚洲的竞争对手们了。","ch","news"
"”范德萨说：“中国足球水平目前还不高，但是中国人为足球而疯狂，阿贾克斯愿意在中国足球改革中发挥积极作用。","ch","news"
"我感觉中国队有中国队的优势，中国队从比赛经验各方面不如日本队和韩国队，他们多次参加世界杯，参与各种比赛的次数也多一点，经验上可能更丰富一点，我们如果也有这么多参赛机会的话，我想水平也会随之提高。","ch","news"
"勒夫精心锻造的青年军，如今已呈整体爆发之势，一脉相承的意志足球与先进开放的战术体系，令德国队如“作战机器”般勇往直前。","ch","news"
"西班牙足球基础雄厚，天才辈出，假以时日，王朝的振兴并不难。 人有悲欢离合，月有阴晴圆缺，谁也无法保障自己始终保持良好的竞技状态，偶尔爆个冷门也属正常。","ch","news"
"报告显示，在曼哈顿，年收入9.35万美元的四口之家，仅可以支付食品、交通、住房、医疗保健、儿童保健和税收费用，却无法支付休假、外出就餐或适当储蓄。","ch","news"
"现在他们在车队积分榜上遥遥领先，已经超过了排在第二位的红牛车队119分。 （完）2014/06/22 01:13此稿为新华社体育专线稿件，严禁转载。","ch","news"
"华北黄淮高温&nbsp;未来5天北京最高温将持续在34-37℃ 人民网北京5月26日电 据中央气象台网站消息，从今天开始，南方地区的降雨天气将逐渐减弱。","ch","news"
"袁纯清同志简历&nbsp;给山西省委书记留言 袁纯清同志简历给山西省委书记留言人民网北京5月29日电（杨高宇）近日，一名山西网友给省委书记留言，举报长治市潞酒家属院有传销网点，网友称，他的女朋友陷入传销，现在两人弄到分手的地步。","ch","news"
"有的邮件显示，理应保持中立的全国委员会官员讨论是否应向媒体兜售桑德斯竞选活动组织“一团糟”的看法，有的邮件则涉嫌试图将舆论焦点转移到桑德斯竞选团队的个人宗教信仰问题。","ch","news"
"我自己到医院详细观察了，医院的厕所、化验室、护士站、消毒室等科室的废水都是直接 排放到下水道里，没有做任何处理。","ch","news"
"人民网北京5月26日电（记者孟哲）23日，国内首款移动签约应用产品“掌上签”在京发布，让随时随地签合同成为可能。","ch","news"
"在他的带领下，德国队在首战对阵葡萄牙队的比赛中4：0大胜对手。 拉姆个人传球67次、拦截11次、抢断、射门、射正均1次，虽然在首场比赛中并未收获进球，但谁也不能忽视这名天蝎座队长。","ch","news"
"5月24日，广东公安边防总队在训练基地圆满完成公安部边防管理2014年第一批边检士官检查员选取考试广州考点考务工作，来自广东、广西、海南和福建等4个总队的90名考生参加了笔试和计算机实操考试。","ch","news"
"1993年，航空航天部撤销，成立中国航天工业总公司及国家航天局。 1999年，中国航天工业总公司改组为中国航天科技集团公司和中国航天机电集团公司。","ch","news"
"问：据报道，中石油的一些员工已经从伊拉克的某些地区撤离至更加安全的区域，能否介绍有关情况？","ch","news"
"谈劳伦斯：获提名足够高兴李娜在２０１４年澳网比赛中拿到职业生涯第二座大满贯奖杯，这为她获得２０１５年劳伦斯世界体育奖提名加了不少分。","ch","news"
"我国宪法明确规定，公民有信仰宗教的自由，就是说，正常的宗教活动受法律保护。 但是就像公民任何其他的个人行为一样，宗教活动应以遵守国家法律，以不损害国家安全利益为前提。","ch","news"
"长期从事古文编辑工作、热衷于传统文化研究的学者王哲认为，古代文史哲不分家，现在给学生讲国学，让学生了解传统文化，一方面从古代历史入手，另一方面从古代文学入手。","ch","news"
"球员们会比从前更加团结，决心要在对阵波黑时取得胜利来告慰逝者，”尼日利亚队新闻官本·阿莱亚说。","ch","news"
"具体政策设计将体现以下三方面： 一是进一步完善市区落户条件。 适当放宽引进人才、经商纳税落户条件，取消调动、毕业生、复员安置落户附加条件限制，以解决长期在济务工人员落户为重点，实行购房、积分落户政策。","ch","news"
"2013年6月2日凌晨，潮州市破获一个名叫“合胜”(后改名为“阳光”)的“六合彩”外围赌博网络。 经初步核查，该团伙累计接受投注超11亿元人民币。","ch","news"
"事实上，京津冀区域经济概念提出已有近30年的时间，但地区协同发展却一直步履蹒跚，就是因为政府和企业当时都没有什么动力。","ch","news"
"李小冉徐佳宁疑似领证 李小冉徐佳宁疑似领证日前，在长春机场发现了李小冉和一位衣着休闲的中年男士的踪迹，两人都没有带助理并刻意分行，这名男子正是制片人徐佳宁。","ch","news"
"“当然，我还从事网球教育，在全国范围内传播这项运动，希望能够塑造新一代网球偶像，现在离里约奥运会越来越近了，相信也会有更多人来关注网球，”库尔滕说。","ch","news"
"英格兰队在2010年南非世界杯上的拙劣表现，堪称他教练履历上最大的污点； 然而俄罗斯队在巴西世界杯上的糟糕运气，渀佛令卡佩罗的不幸“昨日重现”。","ch","news"
"鲁茨科伊说，在阿勒颇地区活动的非法武装继续得到武器和弹药。 俄国防部希望有关各方施加影响，以拯救阿勒颇东部地区的平民，他们实际上已成为恐怖分子的人质。","ch","news"
"六、《忻州日报》记者郭利军违法违规案件查处情况。 经初步查明，2013年8月，假记者王某某、孙某某以曝光忻州某中学违规收取赞助费相要挟索要7万元。","ch","news"
"目前已接待观众15.83万人次，观众留言1300余条。 该展览被誉为目前展示海上丝绸之路历史文化的顶级展览和我国文博史上最大规模的“海上丝绸之路”文物精品展。","ch","news"
"德国队在世界杯上顶进42个头球，遥遥领先于其他球队，巴西和意大利并列次席(24个)。 第35分钟，穆蒂尼奥右侧开出角球，埃德在门前8米处头球高出横梁。","ch","news"
"对真正的创新活动设置一个尝试空间，允许一定范围内的试点。 对现有金融法律法规没有规定，或法规已明显不适应实际情况的，应加强探索研究，形成客观的评价标准，不应对新事物、新业务简单叫停。","ch","news"
"他表示相信缘份，又指两人经过多年相处，互相影响。 至于对小朋友的看法，他表示一个家完整不完整在乎家人的关系，跟有没有小朋友没关系。","ch","news"
"”与伊朗合作，美国也有难解的“心结”。 美国国务院高级官员此前表示，“在伊核问题解决之前，美方不会与伊朗进行任何实质性合作，即使核问题解决了，伊朗的人权、地区角色等问题也有待商榷。","ch","news"
"而且他的进球嗅觉很厉害，他作为中锋有时需要完成其他队员从其他角度射门后的补射，别人可能还要跑一段距离才能踢进去，但他可能站在那里脚轻轻一碰就进球了。","ch","news"
"从今年7月开始，44项奥运测试赛将陆续展开，里约的筹备也正式从规划进入实施阶段。 在倒计时500天这个时间节点，里约奥组委并没有举行大型的庆祝活动。","ch","news"
"“你不是来看洪都拉斯队比赛的嘛？ ”我不解地问。 “唉，别提了！ 我们本来早就该到巴西，但都上了飞机了，航空公司的人和警察突然上了飞机，说我丈夫跟一个缠上官司的人同名同姓。","ch","news"
"25日，临时政府总理马赫莱卜也召集内阁会议，宣布大选各项安排就绪，选民尽可放心去投票。 与此同时，被埃及临时政府宣布为恐怖组织的穆斯林兄弟会(穆兄会)则在其网站上发表声明，呼吁民众“继续和平抵制总统选举投票”。","ch","news"
"桑切斯、巴尔加斯、阿兰吉斯，这些名气远不及圣卡西的对手一个个像是吃了猛药，发了疯地轮番冲击卫冕冠军后防线，斗牛士门前风声鹤唳，丢球只是时间问题。","ch","news"
"新华社北京10月24日电24日，有媒体报道称，北京地区部分银行受“9·30”楼市新政影响已暂停新增住房贷款业务，引发社会广泛关注。","ch","news"
"华策影视的总经理赵依芳接受记者采访时说：“互联网电影不是在互联网上看的电影，而是使用互联网思维做电影。","ch","news"
"”“军事训练是提高实战能力的重要途径和抓手，要坚持仗怎么打兵就怎么练，打仗需要什么就苦练什么，部队最缺什么就专攻精练什么，突出使命课题训练，加大对抗性训练力度，走开基地训练的路子，在近似实战的环境下摔打锻炼部队。","ch","news"
"据巴西媒体报道，希勒在接受采访时表示弗雷德表现配不上巴西队射手的称号，东道主在赛场上的表现好像10个人在比赛而弗雷德在场边。","ch","news"
"次盘再战，徐诗霖仍然占据主动，最终以６：２结束比赛。 首度加冕国际青少年网球大师赛的徐诗霖为转战成人赛开了个好头，她表示自己会力争在今年打进世界排名前２００位。","ch","news"
"不过，冈田武史却认为，西班牙队在本届赛事表现不佳，很大原因在于他们太疲劳了，现在说西班牙王朝结束还为时尚早。","ch","news"
"药品生产企业、药品批发企业不得通过互联网向个人消费者销售药品。 互联网食品药品经营者不得委托他人从事互联网食品药品经营。","ch","news"
"错误：靠在扶梯两边或倚在扶手上，蹲、坐在梯级上，行走、奔跑、嬉戏、争先恐后。 婴儿车卡住地铁扶梯10人受伤&nbsp;电动扶梯&#34;咬人&#34;如何自救 正确：双脚稳站在梯级内；","ch","news"
"北影96级 无比辉煌的一届赵薇、黄晓明、陈坤 不用说了张恒—一排左二 低着头的（原来塞亚公主和还珠格格是同班同学。","ch","news"
"英国“脱欧”公投 英国“脱欧”公投图片来源：南都网“英国独立党这只狐狸，现在钻进了威斯敏斯特（英国国会）这个鸡窝里。","ch","news"
"“西班牙球员太疲劳了，他们有多名球员来自马德里竞技和皇家马德里，这两支球队会师了欧冠联赛决赛，那场巅峰对决距离世界杯开幕只有不到20天，经历漫长赛季的西班牙球员，心理和身体都会很疲惫，所以这次对他们很难，”冈田武史说。","ch","news"
"针对单位，重在完善规章、形成制度，敢于“朝令夕改”、“自我否定”，对不合适宜、制约发展的要直接抛弃，推倒重立。","ch","news"
"49岁的路易斯·德耶稣斯是卖冰激凌的小贩，他今年虽然因为世界杯不打算离开城里，但是这几天节还是要过的。","ch","news"
"但是发现有下列情形之一的，应当停止执行，并且立即报告最高人民法院，由最高人民法院作出裁定：(一)在执行前发现判决可能有错误的;(二)在执行前罪犯揭发重大犯罪事实或者有其他重大立功表现，可能需要改判的;(三)罪犯正在怀孕。","ch","news"
"保持宏观政策的连续性，稳定市场预期。 现实已经证明，近年来采取的一系列宏观调控政策行之有效。","ch","news"
"余下474宗尚未解决的申索案中，部分个案获发放中期金额约9.25亿港元，港铁会继续审慎处理其他有关个案。","ch","news"
"（陵川党建网供稿） 使用微信“扫一扫”功能添加“党员学习微平台” 使用微信“扫一扫”功能添加“党员学习微平台”","ch","news"
"原标题：举报网上暴恐音视频最高可奖十万本报北京6月20日电（记者张洋）国家互联网信息办公室20日召开铲除网上暴恐音视频专项行动动员会。","ch","news"
"”“达马图鲁爆炸的时候我们就在观赛点。 人的生命只有一次啊，我觉得很害怕。 ”说到这儿，奥马尔的朋友阿里脸上闪现出一丝悲伤。","ch","news"
"吴壮 江文耀）2014中国环塔拉力赛暨中国越野系列赛新疆站26日进行了第一赛段的比赛，理想的路况和优美的景色给参赛车手留下了深刻的印象，但复杂的路线设计也给他们制造了不少麻烦。","ch","news"
"“每到重大足球赛事前后，我们就会进一些相关产品出售，”她向记者展示了一下挂满了巴西国家队队服的货架，“队服、特别是内马尔的队服最是走俏，还有巴西国旗图样的头巾、鸭舌帽、手环也都非常受欢迎！","ch","news"
"王春燕北京时间２１日凌晨，法国队５-２狂胜瑞士队，一场比赛７粒进球，创造了巴西世界杯开赛以来的单场进球纪录。","ch","news"
"现在酋长球场已经用了多年，不知道纪念碑是否建了，也不知道那位当年采访过的球迷是否在新球场有了新座位。","ch","news"
"郑昕名人队对荷兰队的世界杯决赛开始了！ “储料机”护球后传给“盲人”，“盲人”精准长传找到“危险”，“危险”连过3人后在肋部将球直塞给高速突入进去的“不动”，“不动”巧妙一漏，“荷兰”心领神会一脚怒射，攻破了荷兰队的大门。","ch","news"
"冷彤）世界杯小组赛首轮被瑞士队补时绝杀，对厄瓜多尔队无疑是一次沉重打击，但主帅雷·鲁埃达在球队即将对阵洪都拉斯队前信心十足地表示，全队已从被绝杀的失望中恢复过来，将全力冲击１６强。","ch","news"
"”一时似乎也有和平的希望，但一个东北问题，燃起了全面内战。 国民党最初处于绝对优势，相信军事决定一切。","ch","news"
"加快贫困地区经济社会发展，最大限度铲除宗教极端主义滋生蔓延的土壤。 孟建柱还出席了上海合作组织成员国与观察员国团长、金砖国家代表团团长非正式会晤。","ch","news"
"协商过程中邀请区委研究室、镇相关部门人员参加，通过内外协商，让村民畅所欲言，把不同意见中和、统一，最终达成一致，使土地顺利调整，破解了桎梏该村多年的人地矛盾难题。","ch","news"
"冯友兰与国民党关系比较深，当时作了最坏的打算，留下来，即便政治自由没有了，学术自由总是有的，可以作一个单纯的教书匠。","ch","news"
"近期，多国频频为中国游客推出促销活动，无疑表明中国游客对于世界旅游市场的重要意义。 据国家旅游局最新统计，目前已有150个国家和地区成为我国公民出境旅游目的地。","ch","news"
"据悉，逸景太白山温泉别墅营地18日开放体验之后，接下来会陆续有精彩活动举办，包括红酒药浴温泉、登太白山、拜佛法门寺、问道楼观台、围棋邀请赛、太极养生、亲子活动等系列精彩内容。","ch","news"
"娱乐圈的美女们如陈乔恩、刘晓庆、张靓颖、钟丽缇等人纷纷在微博上喊出:我想去看世界杯!然而，由于时差，要第一时间感受赛场的刺激，熬夜是难免的了。","ch","news"
"”中国国际经济交流中心信息部副部长王军说。 坚定信心应对挑战，用好历史机遇推动发展再上台阶回顾过去，是为了更好地开拓未来。","ch","news"
"走到这一步，金一南才下决心写一部自己心中的党史。 他当过机械工人，参军后在部队长期从事技术工作，既非历史专业，也无文学建树，写党史的思路和别人大不一样。","ch","news"
"营养师最推荐Wheaties和Kashi Go Lean的早餐谷片，并建议能在任何时间进食，替代一般的点心零食。 实验7：好的脂肪，酪梨和橄榄油纽约州立大学—水牛城分校(the State University of New York at Buffalo)实验发现，脂肪如同蛋白质能增加饱足感，愉快的饱足感会暗示我们该将筷子放下啰。","ch","news"
"在那之后，他创建湘军，带兵打仗，最后一路做到大学士、两江总督、直隶总督，可以说出将入相，位极人臣。","ch","news"
"“这就是为什么不是在变换就业形态的第一时间变更养老保险关系，而是到领取的时候再办。 因为领取时一切都安定下来了，这个制度参加了几年，那个制度参加了几年，都可以一次结清了，就可以更好地保障参保人的权益。","ch","news"
"加快提高基本医保的统筹层次，提高统筹质量，鼓励实行省级统筹。 在规范省级异地就医结算平台建设的基础上，启动国家级结算平台建设试点。","ch","news"
"万洲国际携史密斯菲尔德全新&nbsp;亮相国际肉类展 展馆内进行的火腿现场分割表演6月17日-19日，第十二届中国国际肉类工业展览会在北京中国国际展览中心举办。","ch","news"
"据鲁能巴西体育中心常务副总经理孙立臣介绍，从鲁能足校选拔出的１４－１８岁的佼佼者将来到巴西，与巴西同年龄段球员按照“混合式培养、融入式训练”的方式比赛、生活、学习。","ch","news"
"之前，一些投资人士并不认为县级公立医院改革潜藏了商机。 “现在的改革仅停留在社会层面，比如支付价格、病种付费等方面，并未大规模涉及产权改革。","ch","news"
"微观方面，可以提高中小投资者对上市公司的投资分析能力，引导投资者进行理性投资、价值投资，帮助中小投资者与机构投资者进行公平竞争。","ch","news"
"问：第一，美国拟派驻越南的下一任大使在参议院听证会建议美方取消对越南的武器禁运，并称鉴于目前中越关系紧张，现在正是美方加强与越南关系的好时机。","ch","news"
"如何引导这些资金进入实体经济，提高企业投资效益？ 此次，复旦大学全球投资与贸易研究中心、复旦大学亚洲经济研究中心的研究团队以及《国际金融报》研究院联合发布的《上市公司信用评级报告》能给回答这个问题。","ch","news"
"王争鸣更是将比赛过程比喻成“两度下油锅”，萧杀的气氛可见一斑。 剩男玩词穷游戏 只为多露脸李新和赵栋梁都是善于运用规则和战术的选手，好胜心强。","ch","news"
"美容养生：女人这样洗脸才会不长皱纹 一、面部皱纹产生的顺序面部皱纹出现的顺序是怎样的呢?专家介绍，通常人们随着年龄的增长，特别是中年以后，皮肤开始变得粗糙、干燥、缺水、缺乏弹性，易生皱纹。","ch","news"
"法国正威胁将对摩纳哥课以重税，否则就大军压境。 千头万绪让格蕾丝困惑无力，一度迷失了自己的方向。","ch","news"
"有记者问她是否已经是女单的领军人物、甚至“女王“时，这位俄罗斯少女的回答透着野心：“我还不是‘女王’，但我知道我还要继续努力，取得一系列的成果，这样的积累后才会有‘女王’的感觉。","ch","news"
"“网络文学需要新的评价标准，这种标准必须是符合网络文学特性的。 用传统文学的标准来评价网络文学，显得‘不合时宜’。","ch","news"
"而同样作为意大利的名帅，卡佩罗和里皮是私交不错的朋友，而里皮对卡佩罗很尊重，早在2003年时，里皮就曾表达过卡佩罗是他老师的观点，当时他说：“能和卡佩罗相提并论我很高兴，在我心目中他是最理想的教练。","ch","news"
"4.当扶梯滚动到扶梯口时，找好时机跳下扶梯，并迅速撤离，不阻挡其他乘客撤离。 4.当扶梯滚动到扶梯口时，找好时机跳下扶梯，并迅速撤离，不阻挡其他乘客撤离。","ch","news"
"二是，一线城市明显高于二线城市，深圳、北京、上海、广州的房价收入比分列第一、二、四、六位(包含保障性住房)；","ch","news"
"6月，巴西已入冬，地里的庄稼收了，农民没什么工作，生活相对悠闲，就全力投入节日的庆祝，也借此为来年祈求好收成。","ch","news"
"马尔基西奥有着湛蓝的双瞳和精致的下巴，是新一任的万人迷。 马尔基西奥平时爱穿意大利设计师的高级货，他在自己 Instagram 上传的生活照也堪比街拍摄影师镜头里的 Pitti Uomo 风景。","ch","news"
"更为重要的是，欧洲五大联赛是孕育球星的摇篮，美洲实力最强的巴甲联赛难以与之匹敌，美洲作为球员的输出国，在人才培养方面自然不如输入国。","ch","news"
"中华台北选手刘依贞也在女子中巡赛上两次夺冠。 为泰国夺得仁川亚运会团体金牌的好手苏卡潘、素帕玛及同胞帕瑞萨、皮帕宋，过去两年的奖金王韩国的郑艺娜、张素荣等也将角逐本周的比赛。","ch","news"
"世界帆船精英荟萃的圣殿摩纳哥游艇俱乐部把他请入名人堂。 他也成为俱乐部编号为３２９９／１３的终身会员。","ch","news"
"河南汝阳人大主任上演艳照门 汝阳县原人大常委会党组成员田汉文不雅视频截图 汝阳县原人大常委会党组成员田汉文不雅视频截图2011年8月初，网络曝出河南汝阳县人大某主任上演“艳照门”，备受公众关注。","ch","news"
"该站特别加强青春期教育。 定期在龙水实验中学、大足一中开展了中学青春期健康教育进校园活动，及时、准确、完整地填写了《青春健康教育、培训活动记录表》和咨询记录表。","ch","news"
"2011年，英国斯宾客拍卖行第11026期拍卖会上，一枚难得一见的毛里求斯蓝色2便士“邮局”邮票旧品，被买家出价105.31万英镑(约合人民币1052万元)拍获。","ch","news"
"题：球迷“婉约派”新华社记者王子江西班牙输球后，网上看去，或气愤填膺、或慷慨激昂、或痛心疾首，都令人感动。","ch","news"
"我们现在看到的明清官窑瓷器全出生自这里。 景德镇就像一个巨大的机器，数以万记窑工为此服务。","ch","news"
"下一页：起床别做八件事 延伸阅读：晨起八事易致短命 一忌醒后立即小便晚上水喝多了，或者有尿频、尿急症状，凌晨常会被憋醒。","ch","news"
"没有多少家庭能够承受孩子不工作的现实，也没有哪个问题会因为造出了新奇的概念就得到解决。","ch","news"
"今年2月28日，中国足协宣布了法国人阿兰·佩兰正式出任中国国家男子足球队主教练。 上任至今整整三个月来，佩兰多次奔赴中超联赛考察球员。","ch","news"
"因此，“使市场在资源配置中起决定性作用”和“更好发挥政府作用”，不是互相排斥的，而是统一的，把它们对立起来的认识和做法是不对的、有害的。","ch","news"
"国际足联在与巴西官方沟通后说：“具体措施已经出台，包括在赛场周围加强安保措施，在出入通道和人群控制点增加安保人员，以及在全部12个场馆加强对重点人员的监控。","ch","news"
"赛后的丁俊晖也承认自己赢得惊险：“最后一盘我没有想到他运气不好……可能就是一些运气改变了局面。","ch","news"
"１４日，在活动举办地上海大剧院，面对众多国内外记者的镜头，这位中国网球标志性人物表示，获得２０１５年劳伦斯世界体育奖年度最佳女运动员奖提名足以让自己感到高兴。","ch","news"
"此外，他建议在局势稳定后举行议会选举，出台协调乌克兰危机的法律，与乌克兰东部地区代表进行谈判，解决与俄罗斯积累的一系列问题。","ch","news"
"大片中，张靓颖身着高级定制皮革背心和薄纱长裙，精巧的露腰设计让张靓颖宛如刚浮出海岸的人鱼公主，一抹淡粉色与湛蓝的戛纳海滩完美融合，由此正式拉开张靓颖《永远》系列大片的时尚序幕。","ch","news"
"第一场比赛输球之后，西班牙队承受了过大的压力。 第二场比赛，博斯克对人员进行了调整，中后卫方面马丁内斯代替皮克上场，中场也有改变，但这种改变没有发挥大家所期待的效果。","ch","news"
"在世界杯期间的每个进球都相当于1.58亿的收入。 国家与足球，重组与奋起，在西班牙又被高度粘合在了一起。","ch","news"
"但是到今年尤其是最近我实在无法再忍受了。 他是工作二十余年的科员，升不了职我没有任何怨言，只要工作上问心无愧，我们没有更高的要求，每个月拿着4000多元的工资，如果能每周休两天，法定节假日都能休息，安心干到退休，我们都很知足。","ch","news"
"”（《建国以来毛泽东文稿》第1册，中央文献出版社1987年版，第88页。 ）新疆是少数民族聚居的地区，维吾尔族是新疆的主体民族，因此，搞好民族团结至关重要，在实际工作中大力培养民族干部，使之成为事业的骨干力量，这是进行各项工作的前提和基本保证。","ch","news"
"中山大学财税系教授林江表示，社会上有把个税认为是征收工资税的说法，主要是工薪阶层主要采用企业代扣代缴和税务部门核查的办法，但一些企业高管等高收入群体却可以把个人支出纳入企业成本，规避个税缴纳。","ch","news"
"同时应当利用资本搭建的平台渗透到青训领域。 此外，只有越来越多的俱乐部找到自己的定位、方向，打造自己的核心竞争力，整个联赛才会更加健康，俱乐部的未来发展才会更加有可持续性。","ch","news"
"刘宁笙，男，汉族，1960年1月生，中央党校大学学历，中共党员，1980年7月参加工作。 历任省委政法委办公室副主任、主任，省委政法委秘书长等职。","ch","news"
"穿上华丽大气的唐代服饰，一举手一投足都是风情万种。 难以超越&nbsp;怎么翻拍都不可撼动的80个经典角色 难以超越&nbsp;怎么翻拍都不可撼动的80个经典角色 62.《半生缘》顾曼璐演姐姐顾曼璐的是蒋勤勤。","ch","news"
"必须加快推动生活方式绿色化，实现生活方式和消费模式向勤俭节约、绿色低碳、文明健康的方向转变，力戒奢侈浪费和不合理消费。","ch","news"
"2013年5月和6月，胡亚柱、刘维安分别被依法刑事拘留，同年6月和9月分别被批准逮捕。 目前，案件已进入法院审理阶段。","ch","news"
"坚持开展健康促进服务。 全面推行避孕节育知情选择，使育龄群众在充分“知情”的基础上，自愿选择避孕节育措施。","ch","news"
"全程以戈壁、河床及雅丹地貌为主，平坦的高速赛段再配合不时出现的环山和坑洼路况，非常考验赛车手的应变能力。","ch","news"
"社会保险的参保面继续扩大。 年末全国参加基本养老保险人数为81968万人，比上年末增加3172万人。 其中参加城镇职工基本养老保险人数为32218万人，包括参保离退休人员8041万人，参保农民工4895万人。","ch","news"
"优先支持社会资本举办非营利性医疗机构，努力形成以非营利性医疗机构为主体、营利性医疗机构为补充的社会办医体系。","ch","news"
"此后经5个月分析发现，“红鲨鱼”入水时造成的冲击使部分配件受损。 “红鲨鱼”是在舰艇垂直发射，飞行20多公里后进入水中击毁潜艇的武器。","ch","news"
"亚信倡导的理念契合亚洲各国安全诉求安全是人类生存的基本需求。 冷战结束后，和平与发展成为时代主题，但人类面对的安全威胁却有增无减。","ch","news"
"而以APP和世乒赛官网为依托，耗费数月时间打造的“360度全景赛场”也将为观众带来全新的观赛感受。 本次世乒赛场馆所在的苏州工业园区，也被称为苏州最强的高科技成果的孵化器。","ch","news"
"播报：西藏出台法规保护非遗&nbsp;李代沫获刑九个月 揭秘：那些特色博物馆中惊艳的“镇馆之宝”，你知道多少个？","ch","news"
"”两连胜的他们目前出线在望，荷兰国王和王后赛后也来到了更衣室为球队庆功。 “国王和王后在更衣室里和队员合影留念，他们特别恭喜了斯奈德，因为这是他的第100场国家队比赛。","ch","news"
"”围着白沟中心城区绕圈，用时不足一小时，三轮车司机收费60元。 白沟镇分为老城区和新城区，大型商贸市场高挂的“欢迎大红门商户入驻”横幅，在阳光下随风飘扬，耀眼、喜庆。","ch","news"
"全面深化交通运输改革，今年重点将在推进收费公路管理体制、城市公共交通建设管理体制改革方面有所突破。","ch","news"
"可以想象，在这样一个垃圾成堆、散发着异味的地方进行奥运帆船比赛会是个什么样子。 参赛选手也提出了自己的担忧：在这样的水域里比赛是否会引起身体不适。","ch","news"
"记者从四川省人社厅了解到，2012年全省农村劳动力本地就业人数首超外出就业，其中，省内转移就业1291.87万人，同比增长18.33%；","ch","news"
"天地古今诗刻划，乾坤昼夜酒漂浮。 燕山易水歌红日，曲妇词夫惦楚囚。 多谢群公问消息，尚留微命信天游。","ch","news"
"但世界排名第35位的穆古鲁扎状态甚猛，无可阻挡，后面4局比赛只让小威赢了一次，干净利落地以两个6：2结束了比赛。","ch","news"
"能够艰难取得绝杀，也从侧面反映出来大部分比利时球员依然在靠天赋踢球。 阿扎尔连续两场在几乎相同的位置助攻队友破门，完全是他在禁区灵性与技巧的体现。","ch","news"
"因为偏袒小朋友又被爸爸们齐嘘""吹黑哨""称：""这不是‘天坑杯’足球赛，是‘坑爹杯’足球赛。 ""下半场的比赛，黄健翔与爸爸们一起参与泥地足球赛，男神奶爸们 一个个玩得很尽兴，全部变成泥人。","ch","news"
"当然霍顿游出了３分４２秒的成绩，但仅仅出了他一个。 有相当一部分澳大利亚青年运动员（好成绩）的出现和与我们中国运动员一起合练有密切的关系，我们并没有对他们产生副作用，他们本身成绩也不好。","ch","news"
"在这个过程中，有很多是不符合中国的利益的，因此，中国感到被美国""算计""是有事实作依据的。 ”吴心伯指出，如果没有这些内容，那么美国与盟友进行双边、三边对话的时候到底讲了哪些内容？","ch","news"
"而在《Fate/staynight》中充满神秘感的卫宫切嗣则会成为《Fate/Zero》的主角。 在虚渊玄优秀的创作能力之下，《Fate/Zero》无论在剧情还是在生动流畅的战斗场面等方面都显得非常优秀。","ch","news"
"22日，俄罗斯总统新闻秘书佩斯科夫表示，俄总统普京对乌克兰政府开始与东部地区接触表示欢迎。","ch","news"
"“警灯亮起来，警察上街来，群防动起来，治安好起来”。 温州市公安局实行“警灯工程”，犹如亮起一盏盏驱黑除恶的“明灯”。","ch","news"
"你经历过迷茫和选择，从黑暗中找到了光明。 在山河破碎、人民苦难的旧中国，是一位热血男儿、壮烈青年。","ch","news"
"有哪些人知道她30年代底细？ 是谁写的匿名信？ 她写给郑君里的求助寻找唐纳的信在哪里？ 参加她与唐纳婚礼的那帮文艺界元老，甚至那时帮助、照料过她的秦桂贞，还有上海市公安局奉命调查她的这些人……都是她心头大患！","ch","news"
"信用卡期末应偿信贷总额为 1.88 万亿元，同比增长 39.38%，增速较去年同期放缓 22.42 个百分点，环比增长 2.29%，增速较上季度放缓 5.97 个百分点。","ch","news"
"这才是相似的问题一再发生的根源。 那些打通了关节的人，可在替考者手上戴上指纹膜很简单地就对付过去了。","ch","news"
"胡济邦到苏联去，党组织指定曹亮为她的组织联系人，两人还约定了通讯代名和暗语(曹的代名为君碧)。","ch","news"
"韩国总统朴槿惠26日在青瓦台会见王毅 韩国总统朴槿惠26日在青瓦台会见王毅人民网首尔5月26日电（黄海燕）5月26日，韩国总统朴槿惠在首尔青瓦台会见外交部长王毅。","ch","news"
"而把西班牙队踢下神坛的，恰恰是４年前成为“美丽足球”反义词的荷兰队，德容脚踹阿隆索，海廷加受领红牌，落败的橙衣军团在落败之余还背上了粗野的标签。","ch","news"
"2006年德国世界杯的欧洲区预选赛上两队当时也同在一组，主客场两场比赛同样握手言和难分高下。","ch","news"
"你看陆焉识跟他女儿的关系并没有很亲密，到了最后都不亲密，为什么？ 按照我们的常识，应该一家团圆后其乐融融。","ch","news"
"影片虽然以战争和敏感政治问题为背景，但导演模糊了战争双方的对错，以一种悲悯的情怀讲述了战争对人类的摧残。","ch","news"
"主要社会兼职：中国知识产权研究会理事、中国知识产权法学研究会常务理事、中国版权协会理事、中国科技法学会理事、北京国际法学会常务理事、武汉仲裁委员会仲裁员等。","ch","news"
"而多家上市公司并购县级医院的公告，更是印证了这一投资热点。 “很多人一直认为大中型城市的医院是投资标的，但其实县级医院的资质一点都不差。","ch","news"
"四是社区经济基础还比较薄弱，有部分资金还依赖于“等、要、讨”，使用范围的回旋余地不大。 五是社区硬件设施，特别是办公用房来源渠道不宽，用于居民开展活动的场所人均面积不足。","ch","news"
"即将正式上演前夕，江青来看了彩排，回去后打电话给彭真，对京剧团排成的戏横加挑剔，不许上演。","ch","news"
"想不通的图哈切夫斯基给伏罗希洛夫元帅写信，给党中央委员会和斯大林写信，要求彻底退役，解甲归田。","ch","news"
"不过国美电商业务的总体盘子相比较京东、苏宁易购还是“小兄弟”，据国美电器首席财务官方巍透露的，去年电商销售收入占其整体收入的5%计算，去年国美电商销售收入还不到30亿元，而苏宁易购去年的销售收入达到219亿元，差距可谓不小。","ch","news"
"蒜虽小，多吃无益。 由于发挥杀菌作用的大蒜素，遇热遇咸会很快失去作用，所以最好不放盐生食。 因此，如果想达到最好的保健效果，食用大蒜最好捣碎成泥，在空气中放置10~15分钟再食。","ch","news"
"5月24日下午，在外地经商的小峰父母到达学校，工作人员组织对小峰的尸体进行打捞。 5月24日下午4时，在小峰失踪30个小时后，他的尸体从这条河中被发现。","ch","news"
"第16分钟，普拉尼奇左侧开出角球，曼祖基奇停给佩里希奇，佩里希奇在门前6米处左脚扫射被伊坦杰倒地腿部挡出。","ch","news"
"他每到连队总是要看看伙房，详细了解战士的生活情况。 战争年代部队行军宿营，他总要问到战士的日常起居生活，睡觉的地方铺草有没有，病号是怎样安排的等等。","ch","news"
"就在今年1月，效力于法甲摩纳哥队的超级前锋法尔考在一场法国杯的比赛中伤到了左膝，之后确诊为韧带撕裂，最终没能赶上世界杯末班车。","ch","news"
"让马进下定决心留在这儿的是爱徒葆拉。 “记得当时，我的语言沟通不是很好，葆拉的成绩也不是很突出，协会跟葆拉说，不行的话我有可能回去，但是这些我都不知道。","ch","news"
"董必武从队前跑到队后，鼓励着队员们。 董必武碰到的最大的难题，是如何照顾好、保护好这些女红军。","ch","news"
"继2013年《百万亚瑟王》成功推出之后，盛大游戏于2014年加大手游力度，近期以来频推力作惹人眼球。 除《锁链战记》之外，盛大游戏在2014年储备多款代理手游大作，目前已宣布的包括Square Enix的《魔物狩猎者》、GUMI的《勇者世界》、DRECOM的《痛击英雄》， 以及KLab的《Love Live!》等。","ch","news"
"之后，国际宪兵前往山口县，抓捕向井敏明。 向井敏明被捕后，和野田毅、田中军吉关到一起。 后经远东国际军事法庭批准，三人被引渡到中国，关押在南京小营战犯拘留所。","ch","news"
"在农村，根据现有村干部人数，结合村干分片包干的实际情况，科学设置对应的网格。 二是落实网格管理员。","ch","news"
"这场比赛对于中国队来说至关重要，只要战胜对手，就会排名第一从而获得升A的资格。 开局之后，中国队延续了一贯的风格，比赛哨响仅12秒就由张梦莹打入一球。","ch","news"
"二是缺乏责任意识。 一些官员为了在自己任期内出成绩，匆匆开工甚至擅自缩短工期，完全没有考虑到工程质量对国家资源的造成的浪费，对人民群众生命财产安全的影响。","ch","news"
"相信小组最后一战，他仍会使用这一战术，因为对哥斯达黎加而言，若要在世界杯上走得更远，力争小组第一以避开Ｃ组可能第一哥伦比亚是当务之急，而与英格兰打平就可确保Ｄ组第一。","ch","news"
"孩子们吃午餐人民网记者&nbsp;王莉拍摄 在朝鲜元山松涛园国际少年团野营所夏令营的朝鲜孩子们(人民网记者 王莉拍摄)在朝鲜元山松涛园国际少年团野营所进行夏令营的朝鲜少年儿童。","ch","news"
"“这一年来，你们一路相随，和我们一起历经艰辛。 因此，今年有机会打败同一对手（热火队），真是大快人心。","ch","news"
"哈萨克斯坦国防部告诉投标者，称他们打算很快做出最终决定。 资料图：外媒称，哈萨克斯坦对056型轻型护卫舰感兴趣。","ch","news"
"笔者认为，见义勇为加分，重在社会荣誉和必要的物质奖励以及人文关怀。 因为见义勇为往往有人受伤，需要大笔医药费，有的人可能落下残废，丧失工作能力，需要社会援助和托底，才不会让英雄流血又流泪。","ch","news"
"它含有非常丰富的蛋白质、有机酸、维生素以及钙、磷、镁、钠等人体必需的元素，这是其他水果所难以比拟的。","ch","news"
"王文京和“用友”成功的关键，公司名字就是生动阐释，“做用户之友”。 把客户当作挚友，对客户信守承诺，助推用友赶搭技术革新的每一次浪潮。","ch","news"
"在北京，仅仅有住房需求的人不能被称为“刚需”，要成为“刚需”，还需要强大的经济实力。 不瞒你说，我买这房，我借了一屁股的帐。","ch","news"
"本来奥巴马政府打算年初就要这么做，后来发生了斯诺登事件，把它搞网络监控的丑事抖了出来，美国忙着救火。","ch","news"
"“当前经济运行的新常态特征更为明显。 经济增速放缓下，结构转型升级步伐不断加快，民生指标持续稳定向好，既是经济发展的规律性体现，更是供给侧结构性改革和适度扩大总需求政策共同作用、各领域改革深入推进的结果。","ch","news"
"汕尾仁荣队获得女子５００米项目冠军。 职业组中，老牌强队顺德乐从家具队拿下男子１００米、男子２００米两项冠军。","ch","news"
"目前，中美在美舰机抵近中国近海及专属经济区内侦察的合法性问题上分歧难以弥合，日本不断质疑中国海军进出第一岛链海峡水道、在第一岛链以外海域训练以及防空识别区的划设等正常举措，存在发生海空意外事件的风险。","ch","news"
"北京冬奥申委对评估团全体成员表现出来的严谨、认真、细致的工作态度和专业精神表示赞赏。 王安顺说，我们认为国际奥委会评估团的评价是积极的、客观的、中肯的，不仅给了我们鼓励，也给了我们信心。","ch","news"
"“我举个身边的例子，全国散文诗学会副会长、，海南作协副主席蔡旭，就是在退下领导工作岗位后才上网写作的，每年在网上首发的散文诗作品超过200章，每年出版散文诗专著1-2本，目前已经出版散文诗专著24本，成为了名副其实的‘网络作家’。","ch","news"
"对此，街道办事处在落实工作责任、安排值班人员时，执行了领导带班和24小时应急值班制度。 在接受上级部门应急工作任务时，按照主要领导、分管领导、科室长到普通工作人员顺序安排值班。","ch","news"
"一经查处，将面临有期徒刑、拘役或者管制等处罚。 （小标题）“庄家”背后藏暴利 外流赌资每年超千亿实际上，每逢世界杯来临，通过非法赌球谋取暴利的违法人群屡见不鲜。","ch","news"
"人民网北京5月26日电（唐嘉艺）据《通化日报》消息，5月23日，通化市七届人大常委会第十次会议通过相关人事任免事项。","ch","news"
"人民网5月26日讯据美国有线电视新闻网报道，当地时间25日，美国总统奥巴马乘坐专机抵达阿富汗巴格拉姆空军基地。","ch","news"
"（本文图片均为Osports全体育图片社 版权作品 严禁转载） 林丹炫酷墨镜亮相 王仪涵人民网5月27日电 北京时间5月27日，中国羽毛球队结束了汤尤杯征程抵达北京，李永波面带微笑林丹墨镜炫酷亮相。","ch","news"
"这幅画现在收藏于台北故宫博物院，称为“清院本”。 清院本的篇幅比真本长出了近一半，人物也更多，街道也更复杂。","ch","news"
"现任云南驻京机构党委委员。 经研究，该同志拟任云南驻京机构党委副书记（副厅级）。 杜建辉，男，白族，1970年8月生，硕士研究生学历，中共党员，1992年7月参加工作。","ch","news"
"现在稍稍缓过气来，美国就肆意向中国泼脏水，借机转移国际社会的压力。 但是，“司马昭之心路人皆知”，美国想从被告席上翻身注定是徒劳的。","ch","news"
"直到1990年暑假完全绝望，计划全部死光，锐气磨尽，我也不知道该怎么办。 要不要回台湾？ 老是举棋不定，台湾电影那时也不景气。","ch","news"
"昨日，青岛市政务服务热线办公室对此作出公开回复，称九水路街道办事处是2014青岛世界园艺博览会主园区所在地。","ch","news"
"能将其中的差异性演绎出来，这相当考验演员的功力。 长卿有太多的羁绊，他的一生中有天下苍生，有紫萱，有蜀山，却惟独没有自己。","ch","news"
"各寺庙的传统印经院得到继承和发展，现有木如寺印经院、布达拉宫印经院等大型传统印经院近60家，年印经卷6.3万种，民间经书销售摊点20家。","ch","news"
"任劳任怨，尽心服务终不悔。 “下班难准时，加班常有时”这是古交市计划生育宣传技术服务站技术人员的真实工作写照。","ch","news"
"2009年3月至2014年3月，任贵州省委常委，成都军区党委委员，贵州省军区政委、党委书记。 2014年3月起，任云南省军区政委。","ch","news"
"以聂道场为班底的湖南阿波罗队两名选手虽然没什么名气，但善于把握机会。 这三队在扬州站都取得了两胜一平的佳绩，积分领先也在情理之中。","ch","news"
"记者：那是不是替政府做事的人就是异教徒，败类呢？ 阿荣汗·阿吉：这样说是不对的，政府是人民的政府，也是在为人民着想。","ch","news"
"本场对阵伊朗，阿根廷媒体确认，萨维利亚将使用433阵型。 梅西、伊瓜因、阿奎罗、迪马利亚4大天王悉数首发。","ch","news"
"搭建“学习平台”，在打牢理论功底上下功夫。 活动开展以来，大队积极组织政工干部依托公安边防部队网上党校、《政治工作实用手册》和《党务工作实用手册600问》等学习资源，开展好理论学习。","ch","news"
"中国民用航空飞行学院等入驻并开始招生……未来，这里将打造通航产业集群。 新区的汽车、电子信息、云计算、机器人、航空、生物医药等产业全面发力，已初步构建起具有国际竞争力的产业框架。","ch","news"
"当时经过西汉末年的衰落和绿林、赤眉的战乱后，社会逐渐安定，生产恢复，各方面生机勃勃。 所以宋徽宗把自己治下的汴京比作光武中兴、太平盛世，那是在自我表扬。","ch","news"
"据巴西ＵＯＬ网站援引英国《每日电讯报》的消息说，１７日在巴西与墨西哥队小组赛期间，众多墨西哥球迷在福塔莱萨卡斯特朗体育场观赛时，对巴西门将塞萨尔使用辱骂语言，而同场的巴西球迷也在墨西哥守门员奥乔亚封堵时回应同样的语言。","ch","news"
"目前，京津冀已经形成了一个完善的金融基础设施体系，三地的金融街是很重要的积累。 我们对即将出台的京津冀协同发展的规划非常期待。","ch","news"
"报告指出，这需要与石油市场流通体制改革相结合。 从近中期应逐步降低成品油市场准入门槛，让更多的民营石油企业和外资石油企业参与市场竞争，构建竞争性的市场格局，同时建立健全的国内石油市场估报价体系。","ch","news"
"相信有关各方在今后协商制定章程时，会正面考虑台湾方面参与亚投行问题。 相信通过务实协商，能够为台湾方面以适当名义参与亚投行找到办法。","ch","news"
"中国经济的发展吸引更多的国际帆船赛事进入中国，郭川顺理成章地成为这些国际赛事的中国元素。","ch","news"
"”在东兴边检站3D影视吧内，解说员介绍，“站里将文化建设划分为""快乐工作""、""幸福生活""、""警钟长鸣""、""辛勤耕耘""、""强身健体""等主题文化区，有效丰富了部队文化生活，使官兵快乐生活、幸福工作。","ch","news"
"改版广西边防政工网，创建政工协作区政工网，建立网上书库和视频点播，刊发官兵文艺创作成果，使官兵在学习交流中增长见识，愉悦身心；","ch","news"
"难以超越&nbsp;怎么翻拍都不可撼动的80个经典角色 难以超越&nbsp;怎么翻拍都不可撼动的80个经典角色 74.《苍天有泪》萧雨凤善良绝美，身世堪怜的女子，家中排行老大，对弟妹爱怜关心，有修养、气质、灵慧，十分坚强。","ch","news"
"后来一位装裱师傅用临摹本替换出真迹，将《清明上河图》盗出宫外。 又经两人转手，落入客居北京的江西人杨准手中。","ch","news"
"移动通信系统定义的峰值速率，是体现系统端到手机端能力，并不是对于给定用户提供速率的承诺。","ch","news"
"如果德国和美国打平，那就更有意思了，这两支队伍将携手出线，将完全不受葡萄牙和加纳的比赛结果影响。","ch","news"
"４年前的伦敦，中国剑客用两金一铜刷新历史佳绩，雷声称雄男花个人赛和女重姑娘们的团体冠军都具有“零突破”的历史意义。","ch","news"
"建设中的拉日铁路从吞达村南部通过，尼木县唯一的车站设在吞达村境内。 2012年12月，中规院邀请吞巴乡10名藏族同胞到北京、天津考察，亲眼目睹了曾经贫穷的北京清代古村落爨底下村的发展之路。","ch","news"
"第一次见到村长就非常嘴甜的喊“村长”，主动给多多端水，让多多和她坐在一起，贝儿能迅速和身边的大人和小孩融入在一起。","ch","news"
"杨老先生喜欢孩子，经常念叨有孩子的屋子才会有生气，朱捷理解老人的心思，经常在双休日带着儿子一起去看望老人。","ch","news"
"从两年前世界杯半决赛１：７不敌德国队，到如今重回南美头名，巴西足球正逐渐从低谷中走出来。 中国和巴西的足球水平不在一个层级，但“足球王国”的复兴之路依然具有借鉴意义。","ch","news"
"耶迪纳克则表示，虽然在巴西的比赛会很艰苦，但是来自球迷的支持是“袋鼠军团”前进的最大动力。","ch","news"
"《摩纳哥王妃》反思了知识女性的处境，王妃影后也好，普通人也好，苦恼困惑永远不能避免。 那种在事业与婚姻、家庭间的两难抉择，和亲近的人的沟通乏力，梦想与现实的落差，是每个当代知识女性都要面临的问题。","ch","news"
"”上述消息人士说称，“通过双方的让步，我们达成了可以接受的，而且是令人满意的合同条款。 ”不过，美国IHS能源咨询公司分析师周希舟坚持认为，天然气价格“似乎更接近俄罗斯的希望”。","ch","news"
"郭蔼明曾透露，“我们俩虽然常在外拍戏，但对家的观念很深。 我们从不同时在外接戏，因为家里总该有个人。","ch","news"
"布隆伯格作为里约弗拉门戈的忠实球迷，２０年前设法买到了一张这种“永久票”。 布隆伯格持有的票位于“贵宾席”，但是国际足联却否定了布隆伯格和其他“永久票”持有者进入马拉卡纳观看世界杯的权利。","ch","news"
"对于从各口岸入境的台胞给予了热情接待，并提供返台便利。 据不完全统计，目前已经有200余位台胞通过各相关口岸入境，并得到妥善的安置。","ch","news"
"统计数据显示，今年因灾死亡失踪人数同比偏多。 “6月以来，灾害来势猛、强度大，洪涝、风雹、台风和地质灾害造成833人死亡、233人失踪，占今年以来全国因灾死亡失踪人口总数的8成以上，为2011年以来同期最高值，较同期均值增长近1倍。","ch","news"
"此时此刻这口鱼肉，鲜美纯粹，不带丝毫多余的滋味，有的只是最新鲜的鱼肉烤制出来的原香，如同夏天的树荫，带来了一抹清凉。","ch","news"
"亮丽的人物设定、场景模式，非凡体验 亮丽的人物设定、场景模式，非凡体验游戏的场景以宇宙星空为主题，这对整天被各种唯美场景亮瞎双眼的小编来说感觉很舒适。","ch","news"
"密闭的舱室内，射手张峰双手紧握控制手柄，用犀利的目光紧紧盯住闪烁的荧屏。 突然，屏幕上光标频频闪动，张峰迅速捕获目标，果断按下击发按钮。","ch","news"
"经核对射击视频录像，两舰均命中。 据悉，此次主炮对海实弹射击是多国特混编队在向夏威夷航渡期间的预定训练课目之一，目的是为“环太平洋-2014”演习热身。","ch","news"
"旅游文化产业、净土健康产业、能源产业、优势矿产业、建筑建材产业、民族手工业等六大产业，则被列为重点培育和打造对象。","ch","news"
"黄奕老公黄毅清转载了这条微博，并称“我不发表评论”。 截图显示，6月11日黄毅清发表了和女儿在赛车排位赛期间玩耍的图片，王珞丹点赞。","ch","news"
"”也有学生问过叶嘉莹：“叶先生您讲的诗词很好听，我也很爱听，可这对我们实际生活有什么帮助呢？","ch","news"
"因为他砍掉了鸟儿可以栖身的树枝，抓住了问题的关键，把复杂的问题简单化。 作文要有亮点，切入的角度就很关键。","ch","news"
"从整体战术变化上来看呢，各队都开始更注重整体阵型前压后的防守，抢到球之后的反击速度很快，整个比赛速度就提起来了。","ch","news"
"诵读古典诗词，可以让你的心灵不死。 ”2013年之前，叶嘉莹几乎每年都要在北美和中国之间来回奔波，不过，南开大学已然成为她从事古典诗词研究和推广的重要基地。","ch","news"
"中组部严抓《意见》的落实，正当其时。 党员干部只有把个人命运与国家的命运融为一体时，人生的价值才更加宝贵。","ch","news"
"谢谢您的留言。 【网民留言】领导你好！ 这几天新闻报道龙泉地铁2线将在10月开通，心里大家非常高兴。 盼了这么久终于有确定时间了。","ch","news"
"“我们没有坍塌解体！ ”“我们没有坍塌解体！ ”——西班牙主帅博斯克对于球队提前小组出局一事接受媒体采访时说。","ch","news"
"李强同志简历&nbsp;给浙江省省长留言 李强同志简历给浙江省省长留言人民网北京5月27日电（吴昊）4月18日，浙江一网友给省长留言，举报宁围镇宁安村413号、561号和736号白天做正当生意，晚上却是黑网吧，希望政府能彻底严查。","ch","news"
"当前赌球、博彩网站数量名目繁多，而且鱼龙混杂，网民容易遭遇欺诈钓鱼网站，被窃取网银、支付宝账号密码，损害经济利益。","ch","news"
"……老百姓相信政府，政府应该相信谁，这是问题。 ”中国老百姓确实相信政府，他们用中国人特有的智慧去相信政府—如果他们看到部委食堂机关幼儿园吃的都是转基因食品，他们就会放心吃。","ch","news"
"从查普曼ＷＭ阵型的中锋冲击力，到全攻全守要求的全能后腰，再到西班牙刮起的控球风潮，每种足球理念各领风骚的时间，从几十年到几年不等，但都有起承转合的脉络。","ch","news"
"所谓万丈高楼平地起，对即将走上社会的大学生来说，必须打牢基础，必须脚踏实地，一步一个脚印。","ch","news"
"久坐不动最减寿。 一项研究发现，过了25岁后，每多看1个小时电视 (坐着)，就会从预期的整体寿长中扣除22分钟。","ch","news"
"当晚，格雷姆·多特、马克·威廉姆斯、肯·达赫迪、斯图亚特·宾汉姆、李·沃克、乔·佩里六位斯诺克巨星云集北京夺镖会，与球迷们畅玩台球，并进行了一场别开生面的飞镖高分赛。","ch","news"
"公司后勤主管向大家介绍了公司的发展历史、企业文化、科技创新、生产工艺、管理模式，以及培育践行社会主义核心价值观的成效。","ch","news"
"因此，笔者认为与洗澡顺序相比，建议更多的要关注“冬浴综合征”的发生。 至于洗澡的顺序，从理论上讲“洗脸洗身洗头”虽说有一定的道理，但应该因人而异。","ch","news"
"赛事组委会消息，“羽林争霸”２０１４红牛城市羽毛球赛华中赛区决赛２２日在武汉洪山体育馆落幕，新生力量武汉神州维克多队４：１击败长沙盈城ＷＥ俱乐部队，在加冕赛区冠军的同时，也将全国总决赛的第七张门票收入囊中。","ch","news"
"其实不应给女生看，看了找不到这类的男朋友，男生看了便会生气。 其实都敏俊这样的男生不是难找，是根本没有，因为他是外星人。","ch","news"
"英国独立党赢得27.49%的得票率和24个欧洲议会议席； 工党以25.4%的得票率获得20个议席； 首相卡梅伦领导的保守党以23.93%得票率、19个议席位居第三。","ch","news"
"西藏林芝支队党委力求突破常规思想的桎梏，认真总结经验，整合资源，加强与各单位的沟通联系（本月在与云南怒江支队的联调会上，明确了主题教育活动为互促互进项目），进一步活跃活动的发展趋势。","ch","news"
"明天凌晨，意大利队将与洪都拉斯队交手，如果意大利能够全取三分，并且在最后一轮战胜乌拉圭，而英格兰在最后一轮能够大比分击败洪都拉斯的话，那么三狮军团还有可能凭借净胜球优势幸运晋级。","ch","news"
"BAT的外壳由不透气的耐用面料制成，里面充满氦气。 借助新面料技术，BAT实现了低气体泄漏率。 该公司网站指出，通过集装箱运输，该装置降低了风力发电的第二大成本，即高达90%的安装和运输成本。","ch","news"
"抵抗雾霾天&nbsp;20种绿色植物净化空气防辐射(组图) 桂花：可以清除空气中的有害物质。 产生的挥发性油类具有显著的杀菌作用。","ch","news"
"陶晶耐心询问了餐厅的经营状况、少数民族务工人员在京的生活情况以及子女的求学就业等现实状况。","ch","news"
"”结束了一段广场舞，６０岁的扎西顿珠匆忙招呼大家调换音乐。 在欢快的藏族音乐旋律中，现场群众舞动起手臂和双腿，跳起了锅庄。","ch","news"
"本场比赛的个人MVP，仲裁团颁给了浙江稠州队的吴思慧。 北京首钢啦啦队 嘉宾王自健（左）上台向参赛选手学舞。","ch","news"
"这两篇文章登了后，《北京日报》第二天就开了我的斗争会，说我是彭真派来的什么什么，会上有些人喊：“张道一滚出去！","ch","news"
"高三学生正处在人生成长的一个重要节点上，面临着的压力，以及高考之后不可预知的未来，可能会对每天的书山题海感到压抑与沉闷。","ch","news"
"尼基塔·米哈尔科夫1945年10月21日出生于一个声名显赫的文学艺术世家，他的父亲—谢尔盖·米哈尔科夫是著名儿童文学作家，苏联、俄罗斯国歌的词作者，苏联教育科学院院士，俄罗斯功勋艺术家。","ch","news"
"国家对少数民族继续实施倾斜性政策，少数民族依法享有和行使各项权利。 西藏、新疆等民族地区经济社会各项事业发展步伐加快，人权保障事业全方位推进。","ch","news"
"更让人耳目一新的是她的壮志和担当。 有记者说她没有必要在短节目挑战这么冒险的动作，如果失败被扣分有些得不偿失。","ch","news"
"中国以《孙子兵法》为代表的“慎战”、“全胜”、“不战而屈人之兵”的军事文化传统，以郑和下西洋为代表的“和平”精神，是中华民族军事价值观体系的重要内容。","ch","news"
"这时，满海都是人。 邓船主是自己投海的。 他养的一条狗叫太阳犬，想救主人，跳进水里咬住了邓船主的发辫。","ch","news"
"2010年南非世界杯，克洛泽再次发威攻入四球。 三次世界杯总计14球的壮举，使克洛泽成为了世界杯射手榜上排名第二的伟大射手，比罗纳尔多创纪录的15球只差1球。","ch","news"
"郭沫若在《洪波曲》一书中几十处提到胡济邦：……胡济邦拿着一架战利品康太克斯(一种德式照相机)，夹在记者群里拍摄，照我的相。","ch","news"
"德国就不一样，德国是一个整体的球队，没有特别耀眼的明星，但是攻防流畅，找不出明显的瑕疵。 这样的球队是可怕的。","ch","news"
"据调查，2001年在谢菲尔德大学留学的中国大陆学生有285名，每年稳步增加，2007年已增至733人，2/3为硕士生。 此后，该大学招聘说汉语的员工，扩大在中国的中介网，每年招收的中国学生大幅上升，2010年后更是成倍增加。","ch","news"
"前谷歌高管雨果·巴拉则加盟小米公司。 全球知名的科技投资管理公司以色列英菲尼迪集团董事总经理胡斌说，中国庞大的市场需求正在推动全球经济发展进入中国节奏。","ch","news"
"新华社河北秦皇岛１０月２７日体育专电（记者杨帆、王浩宇）中超河北华夏幸福俱乐部２７日召开了本赛季最后一次媒体见面会，阵中头号球星、阿根廷边锋拉维奇在接受采访时表示认可新帅佩莱格里尼，他希望下赛季与球队一起夺得冠军。","ch","news"
"虽是已经成名的老将，但2012年后，由于伤病和状态的困扰，克洛泽就基本上失去了国家队主力的位置。","ch","news"
"第二十七条 从事互联网药品交易服务的第三方交易平台经营者，应当由执业药师开展网上咨询服务；","ch","news"
"另外，球迷还关心另一个问题：足球改革后，是不是什么球赛都能看，是不是随时随地都能看？ 对于这一点，大家似乎应该持乐观的态度去憧憬。","ch","news"
"配合敏捷的走位，可实现神出鬼没的游击战法。 对比AK系列中的AK47炎煌，SCAR星痕在威力属性上虽然略逊一筹，但是优秀的精准度和机动性能很好的弥补这些。","ch","news"
"他们也用铝来制造负重的零件，从而使该机械外骨骼更加轻便并减少能耗。 从外观上来看，这款“泰坦之臂”就像一款可穿戴式设备，背上驱动器并套在手臂上，瞬间就可以“变身”为大力水手。","ch","news"
"腐败常常具有连带性、传染性，这提醒我们在反腐上要有“顺藤摸瓜”、“斩草除根”的技巧和决心。 山西两名副省级领导接受组织调查，这既是偶然，更是“连体犯罪”的恶果。","ch","news"
"今年2月，习近平总书记主持召开座谈会，就推进京津冀协同发展作重要讲话并提出明确要求，这意味着京津冀协同发展已经提升到国家战略高度。","ch","news"
"不过里皮到来多少还是意味着新希望，我们也不妨再算算出线的账。 里皮上任后最现实的目标，是争夺小组第三获得附加赛资格，从过往两届世界杯亚预赛１０强赛看，想要获得小组第三至少要获得１０分。","ch","news"
"新华社平壤10月14日电(记者郭一娜陆睿)朝鲜外务省发言人14日批评英国派战机参加下月举行的美韩联合军演，称此举是对地区和平与安全的重大挑战。","ch","news"
"第二则是边路传中。 在首战乌拉圭的比赛中，哥斯达黎加的重兵防守就让对手的豪华攻击群无计可施，而本队的边路传中则发挥的淋漓尽致。","ch","news"
"”事实上，从英超赛场上7万人高唱“范佩西”，到转会之争，围绕范佩西的关注从未消失。 年过30的范佩西像一头全速奔跑的雄狮，时不时发出“进8个球也有可能”的狮子吼。","ch","news"
"”“美魔女”现象表明，在盛产“小萝莉”的日本，中年妇女也能成为美丽的佼佼者。 很多家庭主妇表示，“美魔女”让她们看到希望，年龄不是阻碍美丽的理由！","ch","news"
"受伤后拉维奇接受了手术，并缺席了之后的中超联赛，一直在国外恢复。 经过４个月的康复治疗，拉维奇目前完全伤愈。","ch","news"
"短评两岸一家 亲在人民从最初的业务结缘，到最后的养老送终，朱捷用10年的时光，践行了一个“老吾老，以及人之老”的凡人善举。","ch","news"
"据我的体会，彭真同志对干部是很爱护的，完全不是随便整人的那种坏领导。 延安整风时期搞极左、搞抢救干部，康生要负主要责任。","ch","news"
"而实际上，美国自己才是窃听者。 ”德国新闻电视台称，美国几乎在全方位监听“整个中国”，“说到底，这是因为美国害怕中国超越自己成为世界超级大国。","ch","news"
"国际职业球员联盟（FIFPro）20日呼吁，应尽快提高球员保护等级，以避免再次出现19日世界杯乌拉圭与英格兰的比赛中，乌拉圭中场阿·佩雷拉在比赛中因头部被撞而昏厥的情况。","ch","news"
"人民网北京5月27日电 据陕西省西安市公安局官方微博今日下午通报，西安雁塔警方成功破获“5·26”绑架案。","ch","news"
"据气象部门介绍，延庆小海坨山海拔2199米，气温比平原地区低，加上27日降雨降温，达到降雪条件。 在延庆，每年11月至来年的5月，都会出现“海坨戴雪”景观。","ch","news"
"新华社俄罗斯索契10月27日电（记者胡晓光鲁金博）俄罗斯总统普京27日在索契举行的俄智库瓦尔代国际辩论俱乐部年会上发表讲话说，俄不追求全球主宰地位也不搞扩张。","ch","news"
"“供给侧结构性改革效果是实实在在的，而且超出预期。 ”国家统计局新闻发言人盛来运说，一些落后产能退出后，供给领域供求关系发生积极变化，再加上国际大宗商品价格上涨，钢铁煤炭价格回升，工业企业利润明显好转。","ch","news"
"菅义伟26日上午在记者会上对此回应称，“北方四岛归还后缔结和平条约，日本政府的这一基本方针没有改变”，“日本政府按照去年4月份安倍首相访俄时双方发表的共同声明，推动两国缔结和平条约的考量没有变”。","ch","news"
